Workbook

Sheet NDB検査件数評価
A1: 診療年月：2024年04月～2025年03月 D 検査 外来 ※集計結果が10未満の場合は「‐」で表示（10未満の箇所が1箇所の場合は10以上の最小値を全て「‐」で表示）※集計対象期間内に名称や点数・金額等に変更がある場合、変更後の情報で表示
A2: 診療年月：2024年04月～2025年03月 D 検査 入院 ※集計結果が10未満の場合は「‐」で表示（10未満の箇所が1箇所の場合は10以上の最小値を全て「‐」で表示）※集計対象期間内に名称や点数・金額等に変更がある場合、変更後の情報で表示
A4: 分類コード | B4: 分類名称 | C4: 診療行為コード | D4: 診療行為 | E4: 外来総計（算定回数） | F4: 入院総計（算定回数） | G4: 43+5項目 | H4: 確認用：外来診療行為コード | I4: 確認用：入院診療行為コード | J4: 不一致フラグ | K4: 電カル共有取り扱い項目 | L4: 黒川ダブルチェック | M4: 対応すると思われる電カル共有項目（FHIR項目名称） | N4: 材料違いだがの同種検査が43+5項目に含まれる | O4: 43+5項目に含まれる検査項目名（43+5項目での材料）
A5: D001 | B5: 尿中特殊物質定性定量検査 | C5: 160003750 | D5: Ｄｅａｎａｎｄ Ｂａｒｎｅｓ反応 | E5: - | F5: - | H5: Ｄｅａｎａｎｄ Ｂａｒｎｅｓ反応 | I5: Ｄｅａｎａｎｄ Ｂａｒｎｅｓ反応 | J5: ○ | L5: =IF([1]診療行為!G2=K5, "", "check")
A6: D001 | B6: 尿中特殊物質定性定量検査 | C6: 160156710 | D6: ポルフィリン症スクリーニングテスト（尿） | E6: - | F6: - | H6: ポルフィリン症スクリーニングテスト（尿） | I6: ポルフィリン症スクリーニングテスト（尿） | J6: ○ | L6: =IF([1]診療行為!G3=K6, "", "check")
A7: D003 | B7: 糞便検査 | C7: 160112610 | D7: ウロビリン（糞便） | E7: - | F7: - | H7: ウロビリン（糞便） | I7: ウロビリン（糞便） | J7: ○ | L7: =IF([1]診療行為!G4=K7, "", "check")
A8: D004-2 | B8: 悪性腫瘍組織検査 | C8: 160221910 | D8: 悪性腫瘍組織検査（処理が容易なもの）（その他のもの）（悪性黒色腫におけるセンチネルリンパ節生検に係る遺伝子検査） | E8: - | F8: - | H8: 悪性腫瘍組織検査（処理が容易なもの）（その他のもの）（悪性黒色腫におけるセンチネルリンパ節生検に係る遺伝子検査） | I8: 悪性腫瘍組織検査（処理が容易なもの）（その他のもの）（悪性黒色腫におけるセンチネルリンパ節生検に係る遺伝子検査） | J8: ○ | L8: =IF([1]診療行為!G5=K8, "", "check")
A9: D005 | B9: 血液形態・機能検査 | C9: 160228250 | D9: ＤＮＡ含有赤血球計数検査 | E9: - | F9: - | H9: ＤＮＡ含有赤血球計数検査 | I9: ＤＮＡ含有赤血球計数検査 | J9: ○ | L9: =IF([1]診療行為!G6=K9, "", "check")
A10: D006 | B10: 出血・凝固検査 | C10: 160012750 | D10: 蛇毒試験 | E10: - | F10: - | H10: 蛇毒試験 | I10: 蛇毒試験 | J10: ○ | L10: =IF([1]診療行為!G7=K10, "", "check")
A11: D006-4 | B11: 遺伝学的検査 | C11: 160239110 | D11: 遺伝学的検査（処理が複雑なもの）（複数疾患） | E11: - | F11: - | H11: 遺伝学的検査（処理が複雑なもの）（複数疾患） | I11: 遺伝学的検査（処理が複雑なもの）（複数疾患） | J11: ○ | L11: =IF([1]診療行為!G8=K11, "", "check")
A12: D006-4 | B12: 遺伝学的検査 | C12: 160239410 | D12: 遺伝学的検査（処理が複雑なもの）（（１）のエに掲げる遺伝子疾患の場合）（複数疾患） | E12: - | F12: - | H12: 遺伝学的検査（処理が複雑なもの）（（１）のエに掲げる遺伝子疾患の場合）（複数疾患） | I12: 遺伝学的検査（処理が複雑なもの）（（１）のエに掲げる遺伝子疾患の場合）（複数疾患） | J12: ○ | L12: =IF([1]診療行為!G9=K12, "", "check")
A13: D006-4 | B13: 遺伝学的検査 | C13: 160239510 | D13: 遺伝学的検査（処理が極めて複雑なもの）（（１）のエに掲げる遺伝子疾患の場合）（複数疾患） | E13: - | F13: - | H13: 遺伝学的検査（処理が極めて複雑なもの）（（１）のエに掲げる遺伝子疾患の場合）（複数疾患） | I13: 遺伝学的検査（処理が極めて複雑なもの）（（１）のエに掲げる遺伝子疾患の場合）（複数疾患） | J13: ○ | L13: =IF([1]診療行為!G10=K13, "", "check")
A14: D006-4 | B14: 遺伝学的検査 | C14: 160239710 | D14: 遺伝学的検査（処理が複雑なもの）（（１）のオに掲げる遺伝子疾患の場合）（複数疾患） | E14: - | F14: - | H14: 遺伝学的検査（処理が複雑なもの）（（１）のオに掲げる遺伝子疾患の場合）（複数疾患） | I14: 遺伝学的検査（処理が複雑なもの）（（１）のオに掲げる遺伝子疾患の場合）（複数疾患） | J14: ○ | L14: =IF([1]診療行為!G11=K14, "", "check")
A15: D006-4 | B15: 遺伝学的検査 | C15: 160239810 | D15: 遺伝学的検査（処理が極めて複雑なもの）（（１）のオに掲げる遺伝子疾患の場合）（複数疾患） | E15: - | F15: - | H15: 遺伝学的検査（処理が極めて複雑なもの）（（１）のオに掲げる遺伝子疾患の場合）（複数疾患） | I15: 遺伝学的検査（処理が極めて複雑なもの）（（１）のオに掲げる遺伝子疾患の場合）（複数疾患） | J15: ○ | L15: =IF([1]診療行為!G12=K15, "", "check")
A16: D006-27 | B16: 悪性腫瘍遺伝子検査（血液・血漿） | C16: 160223750 | D16: 悪性腫瘍遺伝子検査（血液・血漿）（ＭＥＴｅｘ１４遺伝子検査） | E16: - | F16: - | H16: 悪性腫瘍遺伝子検査（血液・血漿）（ＭＥＴｅｘ１４遺伝子検査） | I16: 悪性腫瘍遺伝子検査（血液・血漿）（ＭＥＴｅｘ１４遺伝子検査） | J16: ○ | L16: =IF([1]診療行為!G13=K16, "", "check")
... A19: D008 | B19: 内分泌学的検査 | C19: 160032110 | D19: セクレチン | E19: - | F19: - | H19: セクレチン | I19: セクレチン | J19: ○ | L19: =IF([1]診療行為!G16=K19, "", "check")
A20: D008 | B20: 内分泌学的検査 | C20: 160135950 | D20: １７－ケトジェニックステロイド（１７－ＫＧＳ）（尿） | E20: - | F20: - | H20: １７－ケトジェニックステロイド（１７－ＫＧＳ）（尿） | I20: １７－ケトジェニックステロイド（１７－ＫＧＳ）（尿） | J20: ○ | L20: =IF([1]診療行為!G18=K20, "", "check")
A21: D008 | B21: 内分泌学的検査 | C21: 160193210 | D21: エストロゲン定量（尿） | E21: - | F21: - | H21: エストロゲン定量（尿） | I21: エストロゲン定量（尿） | J21: ○ | L21: =IF([1]診療行為!G19=K21, "", "check")
A22: D009 | B22: 腫瘍マーカー | C22: 160184850 | D22: サイトケラチン８・１８（尿） | E22: - | F22: - | H22: サイトケラチン８・１８（尿） | I22: サイトケラチン８・１８（尿） | J22: ○ | L22: =IF([1]診療行為!G20=K22, "", "check")
A23: D010 | B23: 特殊分析 | C23: 160038750 | D23: フェニール・アラニン（血清） | E23: - | F23: - | H23: フェニール・アラニン（血清） | I23: フェニール・アラニン（血清） | J23: ○ | L23: =IF([1]診療行為!G21=K23, "", "check")
A24: D012 | B24: 感染症免疫学的検査 | C24: 160044810 | D24: ブルセラ抗体定性 | E24: - | F24: - | H24: ブルセラ抗体定性 | I24: ブルセラ抗体定性 | J24: ○ | L24: =IF([1]診療行為!G22=K24, "", "check")
A25: D012 | B25: 感染症免疫学的検査 | C25: 160143550 | D25: Ｄ－アラビニトール | E25: - | F25: - | H25: Ｄ－アラビニトール | I25: Ｄ－アラビニトール | J25: ○ | L25: =IF([1]診療行為!G23=K25, "", "check")
A26: D015 | B26: 血漿蛋白免疫学的検査 | C26: 160022710 | D26: グルコース－６－リン酸デヒドロゲナーゼ（Ｇ－６－ＰＤ）定性 | E26: - | F26: - | H26: グルコース－６－リン酸デヒドロゲナーゼ（Ｇ－６－ＰＤ）定性 | I26: グルコース－６－リン酸デヒドロゲナーゼ（Ｇ－６－ＰＤ）定性 | J26: ○ | L26: =IF([1]診療行為!G24=K26, "", "check")
A27: D210-2 | B27: 体表面心電図、心外膜興奮伝播図 | C27: 160069850 | D27: 心外膜興奮伝播図 | E27: - | F27: - | H27: 心外膜興奮伝播図 | I27: 心外膜興奮伝播図 | J27: ○ | L27: =IF([1]診療行為!G25=K27, "", "check")
A28: D236-2 | B28: 光トポグラフィー | C28: 160203510 | D28: 光トポグラフィー（抑うつ症状の鑑別診断の補助に使用するもの）（イ以外の場合） | E28: - | F28: - | H28: 光トポグラフィー（抑うつ症状の鑑別診断の補助に使用するもの）（イ以外の場合） | I28: 光トポグラフィー（抑うつ症状の鑑別診断の補助に使用するもの）（イ以外の場合） | J28: ○ | L28: =IF([1]診療行為!G26=K28, "", "check")
A29: D289 | B29: その他の機能テスト | C29: 160089150 | D29: アジスカウント（Ａｄｄｉｓ尿沈渣定量検査） | E29: - | F29: - | H29: アジスカウント（Ａｄｄｉｓ尿沈渣定量検査） | I29: アジスカウント（Ａｄｄｉｓ尿沈渣定量検査） | J29: ○ | L29: =IF([1]診療行為!G27=K29, "", "check")
A30: D289 | B30: その他の機能テスト | C30: 160089450 | D30: ヨードカリ試験 | E30: - | F30: - | H30: ヨードカリ試験 | I30: ヨードカリ試験 | J30: ○ | L30: =IF([1]診療行為!G28=K30, "", "check")
A31: D292 | B31: 体外からの計測によらない諸検査 | C31: 160090710 | D31: 血球量測定（ＲＩ） | E31: - | F31: - | H31: 血球量測定（ＲＩ） | I31: 血球量測定（ＲＩ） | J31: ○ | L31: =IF([1]診療行為!G29=K31, "", "check")
... A35: D417 | B35: 組織試験採取、切採法 | C35: 160100510 | D35: 組織試験採取、切採法（精巣上体（副睾丸）） | E35: - | F35: - | H35: 組織試験採取、切採法（精巣上体（副睾丸）） | I35: 組織試験採取、切採法（精巣上体（副睾丸）） | J35: ○ | L35: =IF([1]診療行為!G33=K35, "", "check")
A36: D226 | B36: 中心静脈圧測定 | C36: 160074410 | D36: 中心静脈圧測定（５回以上の場合）（１日につき） | E36: - | F36: 446039 | H36: 中心静脈圧測定（５回以上の場合）（１日につき） | I36: 中心静脈圧測定（５回以上の場合）（１日につき） | J36: ○ | L36: =IF([1]診療行為!G34=K36, "", "check")
A37: D235-3 | B37: 長期脳波ビデオ同時記録検査 | C37: 160207510 | D37: 長期脳波ビデオ同時記録検査１（１日につき） | E37: - | F37: 15577 | H37: 長期脳波ビデオ同時記録検査１（１日につき） | I37: 長期脳波ビデオ同時記録検査１（１日につき） | J37: ○ | L37: =IF([1]診療行為!G35=K37, "", "check")
A38: D227 | B38: 頭蓋内圧持続測定 | C38: 160103010 | D38: 頭蓋内圧持続測定（３時間を超えた場合）（１日につき） | E38: - | F38: 14584 | H38: 頭蓋内圧持続測定（３時間を超えた場合）（１日につき） | I38: 頭蓋内圧持続測定（３時間を超えた場合）（１日につき） | J38: ○ | L38: =IF([1]診療行為!G36=K38, "", "check")
A39: D417 | B39: 組織試験採取、切採法 | C39: 160188310 | D39: 組織試験採取、切採法（心筋） | E39: - | F39: 12911 | H39: 組織試験採取、切採法（心筋） | I39: 組織試験採取、切採法（心筋） | J39: ○ | L39: =IF([1]診療行為!G37=K39, "", "check")
A40: D006-21 | B40: 血液粘弾性検査 | C40: 160217410 | D40: 血液粘弾性検査（一連につき） | E40: - | F40: 6664 | H40: 血液粘弾性検査（一連につき） | I40: 血液粘弾性検査（一連につき） | J40: ○ | L40: =IF([1]診療行為!G38=K40, "", "check")
A41: D222 | B41: 経皮的血液ガス分圧測定、血液ガス連続測定 | C41: 160159450 | D41: 血液ガス連続測定（５時間を超えた場合）（１日につき） | E41: - | F41: 2939 | H41: 血液ガス連続測定（５時間を超えた場合）（１日につき） | I41: 血液ガス連続測定（５時間を超えた場合）（１日につき） | J41: ○ | L41: =IF([1]診療行為!G39=K41, "", "check")
A42: D303 | B42: 胸腔鏡検査 | C42: 160093010 | D42: 胸腔鏡検査 | E42: - | F42: 2070 | H42: 胸腔鏡検査 | I42: 胸腔鏡検査 | J42: ○ | L42: =IF([1]診療行為!G40=K42, "", "check")
A43: D004 | B43: 穿刺液・採取液検査 | C43: 160182110 | D43: マイクロバブルテスト | E43: - | F43: 1105 | H43: マイクロバブルテスト | I43: マイクロバブルテスト | J43: ○ | L43: =IF([1]診療行為!G41=K43, "", "check")
A44: D207 | B44: 体液量等測定 | C44: 160067610 | D44: 循環時間測定 | E44: - | F44: 645 | H44: 循環時間測定 | I44: 循環時間測定 | J44: ○ | L44: =IF([1]診療行為!G42=K44, "", "check")
A45: D314 | B45: 腹腔鏡検査 | C45: 160095010 | D45: 腹腔鏡検査 | E45: - | F45: 492 | H45: 腹腔鏡検査 | I45: 腹腔鏡検査 | J45: ○ | L45: =IF([1]診療行為!G43=K45, "", "check")
A46: D291-3 | B46: 内服・点滴誘発試験 | C46: 160187410 | D46: 内服・点滴誘発試験 | E46: - | F46: 435 | H46: 内服・点滴誘発試験 | I46: 内服・点滴誘発試験 | J46: ○ | L46: =IF([1]診療行為!G44=K46, "", "check")
A47: D416 | B47: 臓器穿刺、組織採取 | C47: 160098410 | D47: 臓器穿刺、組織採取（開腹によるもの）（腎を含む） | E47: - | F47: 404 | H47: 臓器穿刺、組織採取（開腹によるもの）（腎を含む） | I47: 臓器穿刺、組織採取（開腹によるもの）（腎を含む） | J47: ○ | L47: =IF([1]診療行為!G45=K47, "", "check")
... A76: D012 | B76: 感染症免疫学的検査 | C76: 160042910 | D76: ウイルス抗体価（定性・半定量・定量）（ポリオウイルス２型） | E76: - | F76: 12 | H76: ウイルス抗体価（定性・半定量・定量）（ポリオウイルス２型） | I76: ウイルス抗体価（定性・半定量・定量）（ポリオウイルス２型） | J76: ○ | L76: =IF([1]診療行為!G74=K76, "", "check")
A77: D400 | B77: 血液採取 | C77: 160095710 | D77: 血液採取（静脈） | E77: 182055444 | F77: 84255 | H77: 血液採取（静脈） | I77: 血液採取（静脈） | J77: ○ | L77: =IF([1]診療行為!G75=K77, "", "check")
A78: D026 | B78: 検体検査判断料 | C78: 160061810 | D78: 血液学的検査判断料 | E78: 174761133 | F78: 12480942 | H78: 血液学的検査判断料 | I78: 血液学的検査判断料 | J78: ○ | L78: =IF([1]診療行為!G76=K78, "", "check")
A79: D026 | B79: 検体検査判断料 | C79: 160061910 | D79: 生化学的検査（１）判断料 | E79: 173550281 | F79: 12666526 | H79: 生化学的検査（１）判断料 | I79: 生化学的検査（１）判断料 | J79: ○ | L79: =IF([1]診療行為!G77=K79, "", "check")
A80: D007 | B80: 血液化学検査 | C80: 160019210 | D80: クレアチニン | E80: 154198398 | F80: 44753025 | G80: 〇 | H80: クレアチニン | I80: クレアチニン | J80: ○ | K80: あり | L80: =IF([1]診療行為!G78=K80, "", "check") -> check | M80: 血清クレアチニン(Cre)
A81: D007 | B81: 血液化学検査 | C81: 160022610 | D81: アラニンアミノトランスフェラーゼ（ＡＬＴ） | E81: 153058284 | F81: 43656202 | G81: 〇 | H81: アラニンアミノトランスフェラーゼ（ＡＬＴ） | I81: アラニンアミノトランスフェラーゼ（ＡＬＴ） | J81: ○ | K81: あり | L81: =IF([1]診療行為!G79=K81, "", "check") -> check | M81: ALT(GPT)
A82: D007 | B82: 血液化学検査 | C82: 160022510 | D82: アスパラギン酸アミノトランスフェラーゼ（ＡＳＴ） | E82: 152795361 | F82: 43724121 | G82: 〇 | H82: アスパラギン酸アミノトランスフェラーゼ（ＡＳＴ） | I82: アスパラギン酸アミノトランスフェラーゼ（ＡＳＴ） | J82: ○ | K82: あり | L82: =IF([1]診療行為!G80=K82, "", "check") -> check | M82: AST(GOT)
A83: D007 | B83: 血液化学検査 | C83: 160019010 | D83: 尿素窒素 | E83: 145836226 | F83: 44657738 | G83: 〇 | H83: 尿素窒素 | I83: 尿素窒素 | J83: ○ | K83: あり | L83: =IF([1]診療行為!G81=K83, "", "check") -> check | M83: 尿素窒素(BUN)
A84: D007 | B84: 血液化学検査 | C84: 160020410 | D84: γ－グルタミルトランスフェラーゼ（γ－ＧＴ） | E84: 134267832 | F84: 34323678 | G84: 〇 | H84: γ－グルタミルトランスフェラーゼ（γ－ＧＴ） | I84: γ－グルタミルトランスフェラーゼ（γ－ＧＴ） | J84: ○ | K84: あり | L84: =IF([1]診療行為!G82=K84, "", "check") -> check | M84: γ-GT(γ-GTP)
A85: D007 | B85: 血液化学検査 | C85: 160019410 | D85: グルコース | E85: 132698638 | F85: 53821138 | G85: 〇 | H85: グルコース | I85: グルコース | J85: ○ | K85: あり | L85: =IF([1]診療行為!G83=K85, "", "check") -> check | M85: 血糖(定量)、空腹時血糖、随時血糖
A86: D007 | B86: 血液化学検査 | C86: 160021410 | D86: カリウム | E86: 132311576 | F86: 43919120 | G86: 〇 | H86: カリウム | I86: カリウム | J86: ○ | K86: あり | L86: =IF([1]診療行為!G84=K86, "", "check") -> check | M86: カリウム(K)
A87: D007 | B87: 血液化学検査 | C87: 160021110 | D87: ナトリウム及びクロール | E87: 132102861 | F87: 44636110 | G87: 〇 | H87: ナトリウム及びクロール | I87: ナトリウム及びクロール | J87: ○ | K87: あり | L87: =IF([1]診療行為!G85=K87, "", "check") -> check | M87: ナトリウム(Na)、クロール(Cl)
A88: D026 | B88: 検体検査判断料 | C88: 160062110 | D88: 免疫学的検査判断料 | E88: 130501039 | F88: 12184955 | H88: 免疫学的検査判断料 | I88: 免疫学的検査判断料 | J88: ○ | L88: =IF([1]診療行為!G86=K88, "", "check")
A89: D007 | B89: 血液化学検査 | C89: 160019310 | D89: 尿酸 | E89: 117043495 | F89: 22947594 | G89: 〇 | H89: 尿酸 | I89: 尿酸 | J89: ○ | K89: あり | L89: =IF([1]診療行為!G87=K89, "", "check") -> check | M89: 血清尿酸(UA)
A90: D007 | B90: 血液化学検査 | C90: 160019510 | D90: 乳酸デヒドロゲナーゼ（ＬＤ） | E90: 114098062 | F90: 39136011 | G90: 〇 | H90: 乳酸デヒドロゲナーゼ（ＬＤ） | I90: 乳酸デヒドロゲナーゼ（ＬＤ） | J90: ○ | K90: あり | L90: =IF([1]診療行為!G88=K90, "", "check") -> check | M90: LD(LDH)
A91: D007 | B91: 血液化学検査 | C91: 160017410 | D91: 総蛋白 | E91: 110601716 | F91: 34573926 | G91: 〇 | H91: 総蛋白 | I91: 総蛋白 | J91: ○ | K91: あり | L91: =IF([1]診療行為!G89=K91, "", "check") -> check | M91: 総蛋白(TP)
A92: D005 | B92: 血液形態・機能検査 | C92: 160008010 | D92: 末梢血液一般検査 | E92: 109406876 | F92: 47379426 | G92: 〇 | H92: 末梢血液一般検査 | I92: 末梢血液一般検査 | J92: ○ | K92: あり | L92: =IF([1]診療行為!G90=K92, "", "check") -> check | M92: 白血球数、赤血球数、血色素量(ヘモグロビン値)、血小板数
A93: D007 | B93: 血液化学検査 | C93: 160020910 | D93: 中性脂肪 | E93: 108579254 | F93: 8220568 | G93: 〇 | H93: 中性脂肪 | I93: 中性脂肪 | J93: ○ | K93: あり | L93: =IF([1]診療行為!G91=K93, "", "check") -> check | M93: 中性脂肪(TG)、空腹時中性脂肪(TG)、随時中性脂肪(TG)
A94: D007 | B94: 血液化学検査 | C94: 160020010 | D94: アルカリホスファターゼ（ＡＬＰ） | E94: 107459719 | F94: 33270032 | G94: 〇 | H94: アルカリホスファターゼ（ＡＬＰ） | I94: アルカリホスファターゼ（ＡＬＰ） | J94: ○ | K94: あり | L94: =IF([1]診療行為!G92=K94, "", "check") -> check | M94: アルカリホスファターゼ(ALP)
A95: D007 | B95: 血液化学検査 | C95: 160017010 | D95: 総ビリルビン | E95: 106660847 | F95: 39385219 | G95: 〇 | H95: 総ビリルビン | I95: 総ビリルビン | J95: ○ | K95: あり | L95: =IF([1]診療行為!G93=K95, "", "check") -> check | M95: 総ビリルビン(T-Bil)
A96: D007 | B96: 血液化学検査 | C96: 160018910 | D96: アルブミン（ＢＣＰ改良法・ＢＣＧ法） | E96: 101614644 | F96: 37054804 | G96: 〇 | H96: アルブミン（ＢＣＰ改良法・ＢＣＧ法） | I96: アルブミン（ＢＣＰ改良法・ＢＣＧ法） | J96: ○ | K96: あり | L96: =IF([1]診療行為!G94=K96, "", "check") -> check | M96: アルブミン
A97: D005 | B97: 血液形態・機能検査 | C97: 160010010 | D97: ヘモグロビンＡ１ｃ（ＨｂＡ１ｃ） | E97: 91201347 | F97: 4327624 | G97: 〇 | H97: ヘモグロビンＡ１ｃ（ＨｂＡ１ｃ） | I97: ヘモグロビンＡ１ｃ（ＨｂＡ１ｃ） | J97: ○ | K97: あり | L97: =IF([1]診療行為!G95=K97, "", "check") -> check | M97: HbA1c(NGSP)
A98: D007 | B98: 血液化学検査 | C98: 160020610 | D98: クレアチンキナーゼ（ＣＫ） | E98: 90242389 | F98: 30667842 | G98: 〇 | H98: クレアチンキナーゼ（ＣＫ） | I98: クレアチンキナーゼ（ＣＫ） | J98: ○ | K98: あり | L98: =IF([1]診療行為!G96=K98, "", "check") -> check | M98: クレアチンキナーゼ(CK)
A99: D007 | B99: 血液化学検査 | C99: 160023410 | D99: ＨＤＬ－コレステロール | E99: 82978245 | F99: 4609558 | G99: 〇 | H99: ＨＤＬ－コレステロール | I99: ＨＤＬ－コレステロール | J99: ○ | K99: あり | L99: =IF([1]診療行為!G97=K99, "", "check") -> check | M99: HDL-コレステロール(HDL-C)
A100: D264 | B100: 精密眼圧測定 | C100: 160082910 | D100: 精密眼圧測定 | E100: 82323481 | F100: 1286871 | H100: 精密眼圧測定 | I100: 精密眼圧測定 | J100: ○ | L100: =IF([1]診療行為!G98=K100, "", "check")
A101: D015 | B101: 血漿蛋白免疫学的検査 | C101: 160054710 | D101: Ｃ反応性蛋白（ＣＲＰ） | E101: 81696333 | F101: 41477104 | G101: 〇 | H101: Ｃ反応性蛋白（ＣＲＰ） | I101: Ｃ反応性蛋白（ＣＲＰ） | J101: ○ | K101: あり | L101: =IF([1]診療行為!G99=K101, "", "check") -> check | M101: CRP(定量)
A102: D273 | B102: 細隙灯顕微鏡検査（前眼部） | C102: 160084510 | D102: 細隙灯顕微鏡検査（前眼部） | E102: 77774439 | F102: 816640 | H102: 細隙灯顕微鏡検査（前眼部） | I102: 細隙灯顕微鏡検査（前眼部） | J102: ○ | L102: =IF([1]診療行為!G100=K102, "", "check")
A103: D007 | B103: 血液化学検査 | C103: 160167250 | D103: ＬＤＬ－コレステロール | E103: 76635298 | F103: 4344041 | G103: 〇 | H103: ＬＤＬ－コレステロール | I103: ＬＤＬ－コレステロール | J103: ○ | K103: あり | L103: =IF([1]診療行為!G101=K103, "", "check") -> check | M103: LDL-コレステロール(LDL-C)
A104: D263 | B104: 矯正視力検査 | C104: 160179110 | D104: 矯正視力検査（１以外の場合） | E104: 71369004 | F104: 531074 | H104: 矯正視力検査（１以外の場合） | I104: 矯正視力検査（１以外の場合） | J104: ○ | L104: =IF([1]診療行為!G102=K104, "", "check")
A105: D000 | B105: 尿中一般物質定性半定量検査 | C105: 160000310 | D105: 尿中一般物質定性半定量検査 | E105: 69013004 | F105: 10697026 | G105: 〇 | H105: 尿中一般物質定性半定量検査 | I105: 尿中一般物質定性半定量検査 | J105: ○ | K105: あり | L105: =IF([1]診療行為!G103=K105, "", "check") -> check | M105: 尿蛋白(定性)、尿蛋白(半定量)、尿糖(定性)、尿糖(半定量)、尿潜血(定性)、尿潜血(半定量)
A106: D255 | B106: 精密眼底検査（片側） | C106: 160081130 | D106: 精密眼底検査（両側） | E106: 66888134 | F106: 492935 | H106: 精密眼底検査（両側） | I106: 精密眼底検査（両側） | J106: ○ | L106: =IF([1]診療行為!G104=K106, "", "check")
A107: D007 | B107: 血液化学検査 | C107: 160021510 | D107: カルシウム | E107: 66187287 | F107: 22433098 | G107: 〇 | H107: カルシウム | I107: カルシウム | J107: ○ | K107: あり | L107: =IF([1]診療行為!G105=K107, "", "check") -> check | M107: カルシウム(Ca)
A108: D007 | B108: 血液化学検査 | C108: 160022410 | D108: 総コレステロール | E108: 56167307 | F108: 7718474 | G108: 〇 | H108: 総コレステロール | I108: 総コレステロール | J108: ○ | K108: あり | L108: =IF([1]診療行為!G106=K108, "", "check") -> check | M108: 総コレステロール(T-CHO)
A109: D007 | B109: 血液化学検査 | C109: 160020310 | D109: アミラーゼ | E109: 55214194 | F109: 19482865 | G109: 〇 | H109: アミラーゼ | I109: アミラーゼ | J109: ○ | K109: あり | L109: =IF([1]診療行為!G107=K109, "", "check") -> check | M109: アミラーゼ(AMY)
A110: D026 | B110: 検体検査判断料 | C110: 160062010 | D110: 生化学的検査（２）判断料 | E110: 54545562 | F110: 5177296 | H110: 生化学的検査（２）判断料 | I110: 生化学的検査（２）判断料 | J110: ○ | L110: =IF([1]診療行為!G108=K110, "", "check")
A111: D419 | B111: その他の検体採取 | C111: 160208510 | D111: 鼻腔・咽頭拭い液採取 | E111: 50473127 | F111: 5249020 | H111: 鼻腔・咽頭拭い液採取 | I111: 鼻腔・咽頭拭い液採取 | J111: ○ | L111: =IF([1]診療行為!G109=K111, "", "check")
A112: D005 | B112: 血液形態・機能検査 | C112: 160191510 | D112: 末梢血液像（自動機械法） | E112: 45878705 | F112: 32253887 | H112: 末梢血液像（自動機械法） | I112: 末梢血液像（自動機械法） | J112: ○ | L112: =IF([1]診療行為!G110=K112, "", "check")
A113: D026 | B113: 検体検査判断料 | C113: 160061710 | D113: 尿・糞便等検査判断料 | E113: 41803229 | F113: 3888678 | H113: 尿・糞便等検査判断料 | I113: 尿・糞便等検査判断料 | J113: ○ | L113: =IF([1]診療行為!G111=K113, "", "check")
A114: D007 | B114: 血液化学検査 | C114: 160020210 | D114: コリンエステラーゼ（ＣｈＥ） | E114: 35512825 | F114: 10008290 | G114: 〇 | H114: コリンエステラーゼ（ＣｈＥ） | I114: コリンエステラーゼ（ＣｈＥ） | J114: ○ | K114: あり | L114: =IF([1]診療行為!G112=K114, "", "check") -> check | M114: コリンエステラーゼ(ChE)
A115: D007 | B115: 血液化学検査 | C115: 160021810 | D115: 無機リン及びリン酸 | E115: 28459327 | F115: 10421853 | H115: 無機リン及びリン酸 | I115: 無機リン及びリン酸 | J115: ○ | L115: =IF([1]診療行為!G113=K115, "", "check")
A116: D215 | B116: 超音波検査 | C116: 160072210 | D116: 超音波検査（断層撮影法（心臓超音波検査を除く。））（その他の場合）（胸腹部） | E116: 27332526 | F116: 1868023 | H116: 超音波検査（断層撮影法（心臓超音波検査を除く。））（その他の場合）（胸腹部） | I116: 超音波検査（断層撮影法（心臓超音波検査を除く。））（その他の場合）（胸腹部） | J116: ○ | L116: =IF([1]診療行為!G114=K116, "", "check")
A117: D208 | B117: 心電図検査 | C117: 160068410 | D117: 心電図検査（四肢単極誘導及び胸部誘導を含む最低１２誘導） | E117: 27000726 | F117: 9249577 | H117: 心電図検査（四肢単極誘導及び胸部誘導を含む最低１２誘導） | I117: 心電図検査（四肢単極誘導及び胸部誘導を含む最低１２誘導） | J117: ○ | L117: =IF([1]診療行為!G115=K117, "", "check")
A118: D012 | B118: 感染症免疫学的検査 | C118: 160230050 | D118: ＳＡＲＳ－ＣｏＶ－２・インフルエンザウイルス抗原同時検出定性 | E118: 25839137 | F118: 1222876 | H118: ＳＡＲＳ－ＣｏＶ－２・インフルエンザウイルス抗原同時検出定性 | I118: ＳＡＲＳ－ＣｏＶ－２・インフルエンザウイルス抗原同時検出定性 | J118: ○ | L118: =IF([1]診療行為!G116=K118, "", "check")
A119: D256-2 | B119: 眼底三次元画像解析 | C119: 160183310 | D119: 眼底三次元画像解析 | E119: 24752549 | F119: 158985 | H119: 眼底三次元画像解析 | I119: 眼底三次元画像解析 | J119: ○ | L119: =IF([1]診療行為!G117=K119, "", "check")
A120: D007 | B120: 血液化学検査 | C120: 160017110 | D120: 直接ビリルビン | E120: 23636853 | F120: 11322240 | G120: 〇 | H120: 直接ビリルビン | I120: 直接ビリルビン | J120: ○ | K120: あり | L120: =IF([1]診療行為!G118=K120, "", "check") -> check | M120: 直接ビリルビン(D-Bil)
A121: D261 | B121: 屈折検査 | C121: 160208010 | D121: 屈折検査（１以外の場合） | E121: 23407506 | F121: 308959 | H121: 屈折検査（１以外の場合） | I121: 屈折検査（１以外の場合） | J121: ○ | L121: =IF([1]診療行為!G119=K121, "", "check")
A122: D273 | B122: 細隙灯顕微鏡検査（前眼部） | C122: 160084650 | D122: 細隙灯顕微鏡検査（前眼部）後生体染色使用再検査 | E122: 23375545 | F122: 89105 | H122: 細隙灯顕微鏡検査（前眼部）後生体染色使用再検査 | I122: 細隙灯顕微鏡検査（前眼部）後生体染色使用再検査 | J122: ○ | L122: =IF([1]診療行為!G120=K122, "", "check")
A123: D026 | B123: 検体検査判断料 | C123: 160062210 | D123: 微生物学的検査判断料 | E123: 22652869 | F123: 4979149 | H123: 微生物学的検査判断料 | I123: 微生物学的検査判断料 | J123: ○ | L123: =IF([1]診療行為!G121=K123, "", "check")
A124: D257 | B124: 細隙灯顕微鏡検査（前眼部及び後眼部） | C124: 160081610 | D124: 細隙灯顕微鏡検査（前眼部及び後眼部） | E124: 22360910 | F124: 802350 | H124: 細隙灯顕微鏡検査（前眼部及び後眼部） | I124: 細隙灯顕微鏡検査（前眼部及び後眼部） | J124: ○ | L124: =IF([1]診療行為!G122=K124, "", "check")
A125: D265 | B125: 角膜曲率半径計測 | C125: 160083150 | D125: 角膜曲率半径計測 | E125: 20490315 | F125: 250799 | H125: 角膜曲率半径計測 | I125: 角膜曲率半径計測 | J125: ○ | L125: =IF([1]診療行為!G123=K125, "", "check")
A126: D008 | B126: 内分泌学的検査 | C126: 160031710 | D126: 甲状腺刺激ホルモン（ＴＳＨ） | E126: 19923450 | F126: 2143490 | H126: 甲状腺刺激ホルモン（ＴＳＨ） | I126: 甲状腺刺激ホルモン（ＴＳＨ） | J126: ○ | L126: =IF([1]診療行為!G124=K126, "", "check")
A127: D255 | B127: 精密眼底検査（片側） | C127: 160081010 | D127: 精密眼底検査（片側） | E127: 19661540 | F127: 826887 | H127: 精密眼底検査（片側） | I127: 精密眼底検査（片側） | J127: ○ | L127: =IF([1]診療行為!G125=K127, "", "check")
A128: D008 | B128: 内分泌学的検査 | C128: 160033310 | D128: 遊離サイロキシン（ＦＴ４） | E128: 19221862 | F128: 2112778 | H128: 遊離サイロキシン（ＦＴ４） | I128: 遊離サイロキシン（ＦＴ４） | J128: ○ | L128: =IF([1]診療行為!G126=K128, "", "check")
A129: D002 | B129: 尿沈渣（鏡検法） | C129: 160005010 | D129: 尿沈渣（鏡検法） | E129: 18290110 | F129: 4369238 | H129: 尿沈渣（鏡検法） | I129: 尿沈渣（鏡検法） | J129: ○ | L129: =IF([1]診療行為!G127=K129, "", "check") | N129: △ | O129: 白血球数、赤血球数（全血(静脈血、EDTA入り)、全血(静脈血、抗凝固剤入り)）
A130: D006 | B130: 出血・凝固検査 | C130: 160012010 | D130: プロトロンビン時間（ＰＴ） | E130: 18147429 | F130: 14081850 | G130: 〇 | H130: プロトロンビン時間（ＰＴ） | I130: プロトロンビン時間（ＰＴ） | J130: ○ | K130: あり | L130: =IF([1]診療行為!G128=K130, "", "check") -> check | M130: プロトロンビン時間(PT-秒)、プロトロンビン時間(PT比)、プロトロンビン時間(PT-活性)、プロトロンビン時間(PT-INR)
A131: D007 | B131: 血液化学検査 | C131: 160022110 | D131: 鉄（Ｆｅ） | E131: 16497494 | F131: 2766681 | H131: 鉄（Ｆｅ） | I131: 鉄（Ｆｅ） | J131: ○ | L131: =IF([1]診療行為!G129=K131, "", "check")
A132: D260 | B132: 量的視野検査（片側） | C132: 160082210 | D132: 静的量的視野検査（片側） | E132: 15610488 | F132: 24497 | H132: 静的量的視野検査（片側） | I132: 静的量的視野検査（片側） | J132: ○ | L132: =IF([1]診療行為!G130=K132, "", "check")
A133: D012 | B133: 感染症免疫学的検査 | C133: 160229850 | D133: ＳＡＲＳ－ＣｏＶ－２抗原定性 | E133: 15222324 | F133: 1512907 | H133: ＳＡＲＳ－ＣｏＶ－２抗原定性 | I133: ＳＡＲＳ－ＣｏＶ－２抗原定性 | J133: ○ | L133: =IF([1]診療行為!G131=K133, "", "check")
A134: D215 | B134: 超音波検査 | C134: 160165010 | D134: 超音波検査（断層撮影法（心臓超音波検査を除く。））（その他の場合）（その他）（頭頸部、四肢、体表、末梢血管等） | E134: 13471940 | F134: 939464 | H134: 超音波検査（断層撮影法（心臓超音波検査を除く。））（その他の場合）（その他）（頭頸部、四肢、体表、末梢血管等） | I134: 超音波検査（断層撮影法（心臓超音波検査を除く。））（その他の場合）（その他）（頭頸部、四肢、体表、末梢血管等） | J134: ○ | L134: =IF([1]診療行為!G132=K134, "", "check")
...

Sheet 黒川作業＞

Sheet 電カル共有リスト
A1: 大項目 | B1: FHIR項目名称 | C1: FHIR識別文字列 | D1: 略称 | E1: 材料(JLAC11) | G1: ※JLACマスタにおいて大項目・FHIR項目名称・FHIR項目名称・材料の組み合わせで重複削除したリスト
A2: 総蛋白(TP) | B2: 総蛋白(TP) | C2: TP | D2: TP | E2: 血清
A3: 総蛋白(TP) | B3: 総蛋白(TP) | C3: TP | D3: TP | E3: 血漿
A4: 総蛋白(TP) | B4: 総蛋白(TP) | C4: TP | D4: TP | E4: 血漿(EDTA入り)
A5: 総蛋白(TP) | B5: 総蛋白(TP) | C5: TP | D5: TP | E5: 血漿(ヘパリン入り)
A6: 総蛋白(TP) | B6: 総蛋白(TP) | C6: TP | D6: TP | E6: 血漿(クエン酸入り)
A7: 総蛋白(TP) | B7: 総蛋白(TP) | C7: TP | D7: TP | E7: 血漿(フッ化物入り)
A8: 総蛋白(TP) | B8: 総蛋白(TP) | C8: TP | D8: TP | E8: 血漿(シュウ酸塩入り)
A9: 総蛋白(TP) | B9: 総蛋白(TP) | C9: TP | D9: TP
A10: アルブミン | B10: アルブミン | C10: ALB | D10: Alb | E10: 血清
A11: アルブミン | B11: アルブミン | C11: ALB | D11: Alb | E11: 血漿
A12: アルブミン | B12: アルブミン | C12: ALB | D12: Alb | E12: 血漿(ヘパリン入り)
A13: アルブミン | B13: アルブミン | C13: ALB | D13: Alb | E13: 血清(添加物入り)
A14: アルブミン | B14: アルブミン | C14: ALB | D14: Alb | E14: 血漿(EDTA入り)
A15: アルブミン | B15: アルブミン | C15: ALB | D15: Alb | E15: 血漿(クエン酸入り)
A16: アルブミン | B16: アルブミン | C16: ALB | D16: Alb | E16: 血漿(フッ化物入り)
A17: アルブミン | B17: アルブミン | C17: ALB | D17: Alb | E17: 血漿(シュウ酸塩入り)
A18: アルブミン | B18: アルブミン | C18: ALB | D18: Alb | E18: 血漿(添加物入り)
A19: アルブミン | B19: アルブミン | C19: ALB | D19: Alb | E19: 全血(静脈血)
A20: アルブミン | B20: アルブミン | C20: ALB | D20: Alb
A21: クレアチンキナーゼ(CK) | B21: クレアチンキナーゼ(CK) | C21: CK | D21: CK | E21: 血清
A22: クレアチンキナーゼ(CK) | B22: クレアチンキナーゼ(CK) | C22: CK | D22: CK | E22: 血漿
A23: クレアチンキナーゼ(CK) | B23: クレアチンキナーゼ(CK) | C23: CK | D23: CK | E23: 血漿(EDTA入り)
A24: クレアチンキナーゼ(CK) | B24: クレアチンキナーゼ(CK) | C24: CK | D24: CK | E24: 血清(添加物入り)
A25: クレアチンキナーゼ(CK) | B25: クレアチンキナーゼ(CK) | C25: CK | D25: CK | E25: 血漿(ヘパリン入り)
A26: クレアチンキナーゼ(CK) | B26: クレアチンキナーゼ(CK) | C26: CK | D26: CK | E26: 血漿(クエン酸入り)
A27: クレアチンキナーゼ(CK) | B27: クレアチンキナーゼ(CK) | C27: CK | D27: CK | E27: 血漿(フッ化物入り)
A28: クレアチンキナーゼ(CK) | B28: クレアチンキナーゼ(CK) | C28: CK | D28: CK | E28: 血漿(シュウ酸塩入り)
A29: クレアチンキナーゼ(CK) | B29: クレアチンキナーゼ(CK) | C29: CK | D29: CK | E29: 全血(静脈血、ヘパリン入り)
A30: クレアチンキナーゼ(CK) | B30: クレアチンキナーゼ(CK) | C30: CK | D30: CK
A31: AST(GOT) | B31: AST(GOT) | C31: AST | D31: AST | E31: 血清
A32: AST(GOT) | B32: AST(GOT) | C32: AST | D32: AST | E32: 血漿
A33: AST(GOT) | B33: AST(GOT) | C33: AST | D33: AST | E33: 血漿(ヘパリン入り)
A34: AST(GOT) | B34: AST(GOT) | C34: AST | D34: AST | E34: 血漿(EDTA入り)
A35: AST(GOT) | B35: AST(GOT) | C35: AST | D35: AST | E35: 血漿(クエン酸入り)
A36: AST(GOT) | B36: AST(GOT) | C36: AST | D36: AST | E36: 血漿(フッ化物入り)
A37: AST(GOT) | B37: AST(GOT) | C37: AST | D37: AST | E37: 血漿(シュウ酸塩入り)
A38: AST(GOT) | B38: AST(GOT) | C38: AST | D38: AST | E38: 全血(静脈血、ヘパリン入り)
A39: AST(GOT) | B39: AST(GOT) | C39: AST | D39: AST
A40: AST(GOT) | B40: AST(GOT) | C40: AST | D40: AST | E40: 全血(静脈血)
A41: ALT(GPT) | B41: ALT(GPT) | C41: ALT | D41: ALT | E41: 血清
A42: ALT(GPT) | B42: ALT(GPT) | C42: ALT | D42: ALT | E42: 血漿
A43: ALT(GPT) | B43: ALT(GPT) | C43: ALT | D43: ALT | E43: 血漿(ヘパリン入り)
A44: ALT(GPT) | B44: ALT(GPT) | C44: ALT | D44: ALT | E44: 血漿(EDTA入り)
A45: ALT(GPT) | B45: ALT(GPT) | C45: ALT | D45: ALT | E45: 血漿(クエン酸入り)
A46: ALT(GPT) | B46: ALT(GPT) | C46: ALT | D46: ALT | E46: 血漿(フッ化物入り)
A47: ALT(GPT) | B47: ALT(GPT) | C47: ALT | D47: ALT | E47: 血漿(シュウ酸塩入り)
A48: ALT(GPT) | B48: ALT(GPT) | C48: ALT | D48: ALT | E48: 全血(静脈血、ヘパリン入り)
A49: ALT(GPT) | B49: ALT(GPT) | C49: ALT | D49: ALT
A50: ALT(GPT) | B50: ALT(GPT) | C50: ALT | D50: ALT | E50: 全血(静脈血)
A51: LD(LDH) | B51: LD(LDH) | C51: LD | D51: LD | E51: 血清
A52: LD(LDH) | B52: LD(LDH) | C52: LD | D52: LD | E52: 血漿
A53: LD(LDH) | B53: LD(LDH) | C53: LD | D53: LD | E53: 血漿(EDTA入り)
A54: LD(LDH) | B54: LD(LDH) | C54: LD | D54: LD | E54: 血漿(ヘパリン入り)
A55: LD(LDH) | B55: LD(LDH) | C55: LD | D55: LD | E55: 血漿(クエン酸入り)
A56: LD(LDH) | B56: LD(LDH) | C56: LD | D56: LD | E56: 血漿(フッ化物入り)
A57: LD(LDH) | B57: LD(LDH) | C57: LD | D57: LD | E57: 血漿(シュウ酸塩入り)
A58: LD(LDH) | B58: LD(LDH) | C58: LD | D58: LD
A59: アルカリホスファターゼ(ALP) | B59: アルカリホスファターゼ(ALP) | C59: ALP | D59: ALP | E59: 血清
A60: アルカリホスファターゼ(ALP) | B60: アルカリホスファターゼ(ALP) | C60: ALP | D60: ALP | E60: 血漿
A61: アルカリホスファターゼ(ALP) | B61: アルカリホスファターゼ(ALP) | C61: ALP | D61: ALP | E61: 血漿(ヘパリン入り)
A62: アルカリホスファターゼ(ALP) | B62: アルカリホスファターゼ(ALP) | C62: ALP | D62: ALP | E62: 血漿(クエン酸入り)
A63: アルカリホスファターゼ(ALP) | B63: アルカリホスファターゼ(ALP) | C63: ALP | D63: ALP | E63: 血漿(フッ化物入り)
A64: アルカリホスファターゼ(ALP) | B64: アルカリホスファターゼ(ALP) | C64: ALP | D64: ALP | E64: 血漿(シュウ酸塩入り)
A65: アルカリホスファターゼ(ALP) | B65: アルカリホスファターゼ(ALP) | C65: ALP | D65: ALP | E65: 全血(静脈血、ヘパリン入り)
A66: アルカリホスファターゼ(ALP) | B66: アルカリホスファターゼ(ALP) | C66: ALP | D66: ALP
A67: γ-GTP(GGT) | B67: γ-GT(γ-GTP) | C67: GGT | D67: γGT | E67: 血清
A68: γ-GTP(GGT) | B68: γ-GT(γ-GTP) | C68: GGT | D68: γGT | E68: 血漿
A69: γ-GTP(GGT) | B69: γ-GT(γ-GTP) | C69: GGT | D69: γGT | E69: 血漿(EDTA入り)
A70: γ-GTP(GGT) | B70: γ-GT(γ-GTP) | C70: GGT | D70: γGT | E70: 血漿(ヘパリン入り)
A71: γ-GTP(GGT) | B71: γ-GT(γ-GTP) | C71: GGT | D71: γGT | E71: 血漿(クエン酸入り)
A72: γ-GTP(GGT) | B72: γ-GT(γ-GTP) | C72: GGT | D72: γGT | E72: 血漿(フッ化物入り)
A73: γ-GTP(GGT) | B73: γ-GT(γ-GTP) | C73: GGT | D73: γGT | E73: 血漿(シュウ酸塩入り)
A74: γ-GTP(GGT) | B74: γ-GT(γ-GTP) | C74: GGT | D74: γGT | E74: 全血(静脈血、EDTA入り)
A75: γ-GTP(GGT) | B75: γ-GT(γ-GTP) | C75: GGT | D75: γGT | E75: 全血(静脈血、ヘパリン入り)
A76: γ-GTP(GGT) | B76: γ-GT(γ-GTP) | C76: GGT | D76: γGT
A77: γ-GTP(GGT) | B77: γ-GT(γ-GTP) | C77: GGT | D77: γGT | E77: 全血(静脈血)
A78: コリンエステラーゼ(ChE) | B78: コリンエステラーゼ(ChE) | C78: ChE | D78: ChE | E78: 血清
A79: コリンエステラーゼ(ChE) | B79: コリンエステラーゼ(ChE) | C79: ChE | D79: ChE | E79: 血漿
A80: コリンエステラーゼ(ChE) | B80: コリンエステラーゼ(ChE) | C80: ChE | D80: ChE | E80: 血漿(ヘパリン入り)
A81: コリンエステラーゼ(ChE) | B81: コリンエステラーゼ(ChE) | C81: ChE | D81: ChE | E81: 血漿(EDTA入り)
A82: コリンエステラーゼ(ChE) | B82: コリンエステラーゼ(ChE) | C82: ChE | D82: ChE | E82: 血漿(クエン酸入り)
A83: コリンエステラーゼ(ChE) | B83: コリンエステラーゼ(ChE) | C83: ChE | D83: ChE | E83: 血漿(シュウ酸塩入り)
A84: コリンエステラーゼ(ChE) | B84: コリンエステラーゼ(ChE) | C84: ChE | D84: ChE
A85: アミラーゼ(AMY) | B85: アミラーゼ(AMY) | C85: AMY | D85: AMY | E85: 血清
A86: アミラーゼ(AMY) | B86: アミラーゼ(AMY) | C86: AMY | D86: AMY | E86: 血漿
A87: アミラーゼ(AMY) | B87: アミラーゼ(AMY) | C87: AMY | D87: AMY | E87: 血漿(ヘパリン入り)
A88: アミラーゼ(AMY) | B88: アミラーゼ(AMY) | C88: AMY | D88: AMY | E88: 血漿(EDTA入り)
A89: アミラーゼ(AMY) | B89: アミラーゼ(AMY) | C89: AMY | D89: AMY | E89: 血漿(クエン酸入り)
A90: アミラーゼ(AMY) | B90: アミラーゼ(AMY) | C90: AMY | D90: AMY | E90: 血漿(フッ化物入り)
A91: アミラーゼ(AMY) | B91: アミラーゼ(AMY) | C91: AMY | D91: AMY | E91: 血漿(シュウ酸塩入り)
A92: アミラーゼ(AMY) | B92: アミラーゼ(AMY) | C92: AMY | D92: AMY | E92: 全血(静脈血、ヘパリン入り)
A93: アミラーゼ(AMY) | B93: アミラーゼ(AMY) | C93: AMY | D93: AMY
A94: アミラーゼ(AMY) | B94: アミラーゼ(AMY) | C94: AMY | D94: AMY | E94: 全血(静脈血)
A95: クレアチニン(Cre) | B95: 血清クレアチニン(Cre) | C95: Cre | D95: Cr | E95: 血清
A96: クレアチニン(Cre) | B96: 血清クレアチニン(Cre) | C96: Cre | D96: Cr | E96: 血漿
A97: クレアチニン(Cre) | B97: 血清クレアチニン(Cre) | C97: Cre | D97: Cr | E97: 血漿(ヘパリン入り)
A98: クレアチニン(Cre) | B98: 血清クレアチニン(Cre) | C98: Cre | D98: Cr | E98: 血漿(EDTA入り)
A99: クレアチニン(Cre) | B99: 血清クレアチニン(Cre) | C99: Cre | D99: Cr | E99: 血漿(フッ化物入り)
A100: クレアチニン(Cre) | B100: 血清クレアチニン(Cre) | C100: Cre | D100: Cr | E100: 血漿(クエン酸入り)
...

Sheet NDB項目が電カル共有に含まれるか
A1: 診療年月：2024年04月～2025年03月 D 検査 外来 ※集計結果が10未満の場合は「‐」で表示（10未満の箇所が1箇所の場合は10以上の最小値を全て「‐」で表示）※集計対象期間内に名称や点数・金額等に変更がある場合、変更後の情報で表示
A2: 診療年月：2024年04月～2025年03月 D 検査 入院 ※集計結果が10未満の場合は「‐」で表示（10未満の箇所が1箇所の場合は10以上の最小値を全て「‐」で表示）※集計対象期間内に名称や点数・金額等に変更がある場合、変更後の情報で表示
A4: 分類コード | B4: 分類名称 | C4: 診療行為コード | D4: 診療行為 | E4: 外来総計（算定回数） | F4: 入院総計（算定回数） | G4: 43+5項目 | H4: 確認用：外来診療行為コード | I4: 確認用：入院診療行為コード | J4: 不一致フラグ | K4: 電カル共有取り扱い項目 | L4: 黒川ダブルチェック | M4: 対応すると思われる電カル共有項目（FHIR項目名称）
A5: D001 | B5: 尿中特殊物質定性定量検査 | C5: 160003750 | D5: Ｄｅａｎａｎｄ Ｂａｒｎｅｓ反応 | E5: - | F5: - | H5: Ｄｅａｎａｎｄ Ｂａｒｎｅｓ反応 | I5: Ｄｅａｎａｎｄ Ｂａｒｎｅｓ反応 | J5: ○ | L5: =IF([1]診療行為!G2=K5, "", "check")
A6: D001 | B6: 尿中特殊物質定性定量検査 | C6: 160156710 | D6: ポルフィリン症スクリーニングテスト（尿） | E6: - | F6: - | H6: ポルフィリン症スクリーニングテスト（尿） | I6: ポルフィリン症スクリーニングテスト（尿） | J6: ○ | L6: =IF([1]診療行為!G3=K6, "", "check")
A7: D003 | B7: 糞便検査 | C7: 160112610 | D7: ウロビリン（糞便） | E7: - | F7: - | H7: ウロビリン（糞便） | I7: ウロビリン（糞便） | J7: ○ | L7: =IF([1]診療行為!G4=K7, "", "check")
A8: D004-2 | B8: 悪性腫瘍組織検査 | C8: 160221910 | D8: 悪性腫瘍組織検査（処理が容易なもの）（その他のもの）（悪性黒色腫におけるセンチネルリンパ節生検に係る遺伝子検査） | E8: - | F8: - | H8: 悪性腫瘍組織検査（処理が容易なもの）（その他のもの）（悪性黒色腫におけるセンチネルリンパ節生検に係る遺伝子検査） | I8: 悪性腫瘍組織検査（処理が容易なもの）（その他のもの）（悪性黒色腫におけるセンチネルリンパ節生検に係る遺伝子検査） | J8: ○ | L8: =IF([1]診療行為!G5=K8, "", "check")
A9: D005 | B9: 血液形態・機能検査 | C9: 160228250 | D9: ＤＮＡ含有赤血球計数検査 | E9: - | F9: - | H9: ＤＮＡ含有赤血球計数検査 | I9: ＤＮＡ含有赤血球計数検査 | J9: ○ | L9: =IF([1]診療行為!G6=K9, "", "check")
A10: D006 | B10: 出血・凝固検査 | C10: 160012750 | D10: 蛇毒試験 | E10: - | F10: - | H10: 蛇毒試験 | I10: 蛇毒試験 | J10: ○ | L10: =IF([1]診療行為!G7=K10, "", "check")
A11: D006-4 | B11: 遺伝学的検査 | C11: 160239110 | D11: 遺伝学的検査（処理が複雑なもの）（複数疾患） | E11: - | F11: - | H11: 遺伝学的検査（処理が複雑なもの）（複数疾患） | I11: 遺伝学的検査（処理が複雑なもの）（複数疾患） | J11: ○ | L11: =IF([1]診療行為!G8=K11, "", "check")
A12: D006-4 | B12: 遺伝学的検査 | C12: 160239410 | D12: 遺伝学的検査（処理が複雑なもの）（（１）のエに掲げる遺伝子疾患の場合）（複数疾患） | E12: - | F12: - | H12: 遺伝学的検査（処理が複雑なもの）（（１）のエに掲げる遺伝子疾患の場合）（複数疾患） | I12: 遺伝学的検査（処理が複雑なもの）（（１）のエに掲げる遺伝子疾患の場合）（複数疾患） | J12: ○ | L12: =IF([1]診療行為!G9=K12, "", "check")
A13: D006-4 | B13: 遺伝学的検査 | C13: 160239510 | D13: 遺伝学的検査（処理が極めて複雑なもの）（（１）のエに掲げる遺伝子疾患の場合）（複数疾患） | E13: - | F13: - | H13: 遺伝学的検査（処理が極めて複雑なもの）（（１）のエに掲げる遺伝子疾患の場合）（複数疾患） | I13: 遺伝学的検査（処理が極めて複雑なもの）（（１）のエに掲げる遺伝子疾患の場合）（複数疾患） | J13: ○ | L13: =IF([1]診療行為!G10=K13, "", "check")
A14: D006-4 | B14: 遺伝学的検査 | C14: 160239710 | D14: 遺伝学的検査（処理が複雑なもの）（（１）のオに掲げる遺伝子疾患の場合）（複数疾患） | E14: - | F14: - | H14: 遺伝学的検査（処理が複雑なもの）（（１）のオに掲げる遺伝子疾患の場合）（複数疾患） | I14: 遺伝学的検査（処理が複雑なもの）（（１）のオに掲げる遺伝子疾患の場合）（複数疾患） | J14: ○ | L14: =IF([1]診療行為!G11=K14, "", "check")
A15: D006-4 | B15: 遺伝学的検査 | C15: 160239810 | D15: 遺伝学的検査（処理が極めて複雑なもの）（（１）のオに掲げる遺伝子疾患の場合）（複数疾患） | E15: - | F15: - | H15: 遺伝学的検査（処理が極めて複雑なもの）（（１）のオに掲げる遺伝子疾患の場合）（複数疾患） | I15: 遺伝学的検査（処理が極めて複雑なもの）（（１）のオに掲げる遺伝子疾患の場合）（複数疾患） | J15: ○ | L15: =IF([1]診療行為!G12=K15, "", "check")
A16: D006-27 | B16: 悪性腫瘍遺伝子検査（血液・血漿） | C16: 160223750 | D16: 悪性腫瘍遺伝子検査（血液・血漿）（ＭＥＴｅｘ１４遺伝子検査） | E16: - | F16: - | H16: 悪性腫瘍遺伝子検査（血液・血漿）（ＭＥＴｅｘ１４遺伝子検査） | I16: 悪性腫瘍遺伝子検査（血液・血漿）（ＭＥＴｅｘ１４遺伝子検査） | J16: ○ | L16: =IF([1]診療行為!G13=K16, "", "check")
... A19: D008 | B19: 内分泌学的検査 | C19: 160032110 | D19: セクレチン | E19: - | F19: - | H19: セクレチン | I19: セクレチン | J19: ○ | L19: =IF([1]診療行為!G16=K19, "", "check")
A20: D400 | B20: 血液採取 | C20: 160095710 | D20: 血液採取（静脈） | E20: 182055444 | F20: 84255 | H20: 血液採取（静脈） | I20: 血液採取（静脈） | J20: ○ | L20: =IF([1]診療行為!G75=K20, "", "check")
A21: D008 | B21: 内分泌学的検査 | C21: 160135950 | D21: １７－ケトジェニックステロイド（１７－ＫＧＳ）（尿） | E21: - | F21: - | H21: １７－ケトジェニックステロイド（１７－ＫＧＳ）（尿） | I21: １７－ケトジェニックステロイド（１７－ＫＧＳ）（尿） | J21: ○ | L21: =IF([1]診療行為!G18=K21, "", "check")
A22: D008 | B22: 内分泌学的検査 | C22: 160193210 | D22: エストロゲン定量（尿） | E22: - | F22: - | H22: エストロゲン定量（尿） | I22: エストロゲン定量（尿） | J22: ○ | L22: =IF([1]診療行為!G19=K22, "", "check")
A23: D009 | B23: 腫瘍マーカー | C23: 160184850 | D23: サイトケラチン８・１８（尿） | E23: - | F23: - | H23: サイトケラチン８・１８（尿） | I23: サイトケラチン８・１８（尿） | J23: ○ | L23: =IF([1]診療行為!G20=K23, "", "check")
A24: D010 | B24: 特殊分析 | C24: 160038750 | D24: フェニール・アラニン（血清） | E24: - | F24: - | H24: フェニール・アラニン（血清） | I24: フェニール・アラニン（血清） | J24: ○ | L24: =IF([1]診療行為!G21=K24, "", "check")
A25: D012 | B25: 感染症免疫学的検査 | C25: 160044810 | D25: ブルセラ抗体定性 | E25: - | F25: - | H25: ブルセラ抗体定性 | I25: ブルセラ抗体定性 | J25: ○ | L25: =IF([1]診療行為!G22=K25, "", "check")
A26: D012 | B26: 感染症免疫学的検査 | C26: 160143550 | D26: Ｄ－アラビニトール | E26: - | F26: - | H26: Ｄ－アラビニトール | I26: Ｄ－アラビニトール | J26: ○ | L26: =IF([1]診療行為!G23=K26, "", "check")
A27: D015 | B27: 血漿蛋白免疫学的検査 | C27: 160022710 | D27: グルコース－６－リン酸デヒドロゲナーゼ（Ｇ－６－ＰＤ）定性 | E27: - | F27: - | H27: グルコース－６－リン酸デヒドロゲナーゼ（Ｇ－６－ＰＤ）定性 | I27: グルコース－６－リン酸デヒドロゲナーゼ（Ｇ－６－ＰＤ）定性 | J27: ○ | L27: =IF([1]診療行為!G24=K27, "", "check")
A28: D210-2 | B28: 体表面心電図、心外膜興奮伝播図 | C28: 160069850 | D28: 心外膜興奮伝播図 | E28: - | F28: - | H28: 心外膜興奮伝播図 | I28: 心外膜興奮伝播図 | J28: ○ | L28: =IF([1]診療行為!G25=K28, "", "check")
A29: D236-2 | B29: 光トポグラフィー | C29: 160203510 | D29: 光トポグラフィー（抑うつ症状の鑑別診断の補助に使用するもの）（イ以外の場合） | E29: - | F29: - | H29: 光トポグラフィー（抑うつ症状の鑑別診断の補助に使用するもの）（イ以外の場合） | I29: 光トポグラフィー（抑うつ症状の鑑別診断の補助に使用するもの）（イ以外の場合） | J29: ○ | L29: =IF([1]診療行為!G26=K29, "", "check")
A30: D289 | B30: その他の機能テスト | C30: 160089150 | D30: アジスカウント（Ａｄｄｉｓ尿沈渣定量検査） | E30: - | F30: - | H30: アジスカウント（Ａｄｄｉｓ尿沈渣定量検査） | I30: アジスカウント（Ａｄｄｉｓ尿沈渣定量検査） | J30: ○ | L30: =IF([1]診療行為!G27=K30, "", "check")
A31: D289 | B31: その他の機能テスト | C31: 160089450 | D31: ヨードカリ試験 | E31: - | F31: - | H31: ヨードカリ試験 | I31: ヨードカリ試験 | J31: ○ | L31: =IF([1]診療行為!G28=K31, "", "check")
A32: D292 | B32: 体外からの計測によらない諸検査 | C32: 160090710 | D32: 血球量測定（ＲＩ） | E32: - | F32: - | H32: 血球量測定（ＲＩ） | I32: 血球量測定（ＲＩ） | J32: ○ | L32: =IF([1]診療行為!G29=K32, "", "check")
... A36: D417 | B36: 組織試験採取、切採法 | C36: 160100510 | D36: 組織試験採取、切採法（精巣上体（副睾丸）） | E36: - | F36: - | H36: 組織試験採取、切採法（精巣上体（副睾丸）） | I36: 組織試験採取、切採法（精巣上体（副睾丸）） | J36: ○ | L36: =IF([1]診療行為!G33=K36, "", "check")
A37: D226 | B37: 中心静脈圧測定 | C37: 160074410 | D37: 中心静脈圧測定（５回以上の場合）（１日につき） | E37: - | F37: 446039 | H37: 中心静脈圧測定（５回以上の場合）（１日につき） | I37: 中心静脈圧測定（５回以上の場合）（１日につき） | J37: ○ | L37: =IF([1]診療行為!G34=K37, "", "check")
A38: D235-3 | B38: 長期脳波ビデオ同時記録検査 | C38: 160207510 | D38: 長期脳波ビデオ同時記録検査１（１日につき） | E38: - | F38: 15577 | H38: 長期脳波ビデオ同時記録検査１（１日につき） | I38: 長期脳波ビデオ同時記録検査１（１日につき） | J38: ○ | L38: =IF([1]診療行為!G35=K38, "", "check")
A39: D227 | B39: 頭蓋内圧持続測定 | C39: 160103010 | D39: 頭蓋内圧持続測定（３時間を超えた場合）（１日につき） | E39: - | F39: 14584 | H39: 頭蓋内圧持続測定（３時間を超えた場合）（１日につき） | I39: 頭蓋内圧持続測定（３時間を超えた場合）（１日につき） | J39: ○ | L39: =IF([1]診療行為!G36=K39, "", "check")
A40: D417 | B40: 組織試験採取、切採法 | C40: 160188310 | D40: 組織試験採取、切採法（心筋） | E40: - | F40: 12911 | H40: 組織試験採取、切採法（心筋） | I40: 組織試験採取、切採法（心筋） | J40: ○ | L40: =IF([1]診療行為!G37=K40, "", "check")
A41: D006-21 | B41: 血液粘弾性検査 | C41: 160217410 | D41: 血液粘弾性検査（一連につき） | E41: - | F41: 6664 | H41: 血液粘弾性検査（一連につき） | I41: 血液粘弾性検査（一連につき） | J41: ○ | L41: =IF([1]診療行為!G38=K41, "", "check")
A42: D222 | B42: 経皮的血液ガス分圧測定、血液ガス連続測定 | C42: 160159450 | D42: 血液ガス連続測定（５時間を超えた場合）（１日につき） | E42: - | F42: 2939 | H42: 血液ガス連続測定（５時間を超えた場合）（１日につき） | I42: 血液ガス連続測定（５時間を超えた場合）（１日につき） | J42: ○ | L42: =IF([1]診療行為!G39=K42, "", "check")
A43: D303 | B43: 胸腔鏡検査 | C43: 160093010 | D43: 胸腔鏡検査 | E43: - | F43: 2070 | H43: 胸腔鏡検査 | I43: 胸腔鏡検査 | J43: ○ | L43: =IF([1]診療行為!G40=K43, "", "check")
A44: D004 | B44: 穿刺液・採取液検査 | C44: 160182110 | D44: マイクロバブルテスト | E44: - | F44: 1105 | H44: マイクロバブルテスト | I44: マイクロバブルテスト | J44: ○ | L44: =IF([1]診療行為!G41=K44, "", "check")
A45: D207 | B45: 体液量等測定 | C45: 160067610 | D45: 循環時間測定 | E45: - | F45: 645 | H45: 循環時間測定 | I45: 循環時間測定 | J45: ○ | L45: =IF([1]診療行為!G42=K45, "", "check")
A46: D314 | B46: 腹腔鏡検査 | C46: 160095010 | D46: 腹腔鏡検査 | E46: - | F46: 492 | H46: 腹腔鏡検査 | I46: 腹腔鏡検査 | J46: ○ | L46: =IF([1]診療行為!G43=K46, "", "check")
A47: D291-3 | B47: 内服・点滴誘発試験 | C47: 160187410 | D47: 内服・点滴誘発試験 | E47: - | F47: 435 | H47: 内服・点滴誘発試験 | I47: 内服・点滴誘発試験 | J47: ○ | L47: =IF([1]診療行為!G44=K47, "", "check")
A48: D416 | B48: 臓器穿刺、組織採取 | C48: 160098410 | D48: 臓器穿刺、組織採取（開腹によるもの）（腎を含む） | E48: - | F48: 404 | H48: 臓器穿刺、組織採取（開腹によるもの）（腎を含む） | I48: 臓器穿刺、組織採取（開腹によるもの）（腎を含む） | J48: ○ | L48: =IF([1]診療行為!G45=K48, "", "check")
... A77: D012 | B77: 感染症免疫学的検査 | C77: 160042910 | D77: ウイルス抗体価（定性・半定量・定量）（ポリオウイルス２型） | E77: - | F77: 12 | H77: ウイルス抗体価（定性・半定量・定量）（ポリオウイルス２型） | I77: ウイルス抗体価（定性・半定量・定量）（ポリオウイルス２型） | J77: ○ | L77: =IF([1]診療行為!G74=K77, "", "check")
A78: D026 | B78: 検体検査判断料 | C78: 160061810 | D78: 血液学的検査判断料 | E78: 174761133 | F78: 12480942 | H78: 血液学的検査判断料 | I78: 血液学的検査判断料 | J78: ○ | L78: =IF([1]診療行為!G76=K78, "", "check")
A79: D026 | B79: 検体検査判断料 | C79: 160061910 | D79: 生化学的検査（１）判断料 | E79: 173550281 | F79: 12666526 | H79: 生化学的検査（１）判断料 | I79: 生化学的検査（１）判断料 | J79: ○ | L79: =IF([1]診療行為!G77=K79, "", "check")
A80: D007 | B80: 血液化学検査 | C80: 160019210 | D80: クレアチニン | E80: 154198398 | F80: 44753025 | G80: 〇 | H80: クレアチニン | I80: クレアチニン | J80: ○ | K80: あり | L80: =IF([1]診療行為!G78=K80, "", "check") -> check | M80: 血清クレアチニン(Cre)
A81: D007 | B81: 血液化学検査 | C81: 160022610 | D81: アラニンアミノトランスフェラーゼ（ＡＬＴ） | E81: 153058284 | F81: 43656202 | G81: 〇 | H81: アラニンアミノトランスフェラーゼ（ＡＬＴ） | I81: アラニンアミノトランスフェラーゼ（ＡＬＴ） | J81: ○ | K81: あり | L81: =IF([1]診療行為!G79=K81, "", "check") -> check | M81: ALT(GPT)
A82: D007 | B82: 血液化学検査 | C82: 160022510 | D82: アスパラギン酸アミノトランスフェラーゼ（ＡＳＴ） | E82: 152795361 | F82: 43724121 | G82: 〇 | H82: アスパラギン酸アミノトランスフェラーゼ（ＡＳＴ） | I82: アスパラギン酸アミノトランスフェラーゼ（ＡＳＴ） | J82: ○ | K82: あり | L82: =IF([1]診療行為!G80=K82, "", "check") -> check | M82: AST(GOT)
A83: D007 | B83: 血液化学検査 | C83: 160019010 | D83: 尿素窒素 | E83: 145836226 | F83: 44657738 | G83: 〇 | H83: 尿素窒素 | I83: 尿素窒素 | J83: ○ | K83: あり | L83: =IF([1]診療行為!G81=K83, "", "check") -> check | M83: 尿素窒素(BUN)
A84: D007 | B84: 血液化学検査 | C84: 160020410 | D84: γ－グルタミルトランスフェラーゼ（γ－ＧＴ） | E84: 134267832 | F84: 34323678 | G84: 〇 | H84: γ－グルタミルトランスフェラーゼ（γ－ＧＴ） | I84: γ－グルタミルトランスフェラーゼ（γ－ＧＴ） | J84: ○ | K84: あり | L84: =IF([1]診療行為!G82=K84, "", "check") -> check | M84: γ-GT(γ-GTP)
A85: D007 | B85: 血液化学検査 | C85: 160019410 | D85: グルコース | E85: 132698638 | F85: 53821138 | G85: 〇 | H85: グルコース | I85: グルコース | J85: ○ | K85: あり | L85: =IF([1]診療行為!G83=K85, "", "check") -> check | M85: 血糖(定量)、空腹時血糖、随時血糖
A86: D007 | B86: 血液化学検査 | C86: 160021410 | D86: カリウム | E86: 132311576 | F86: 43919120 | G86: 〇 | H86: カリウム | I86: カリウム | J86: ○ | K86: あり | L86: =IF([1]診療行為!G84=K86, "", "check") -> check | M86: カリウム(K)
A87: D007 | B87: 血液化学検査 | C87: 160021110 | D87: ナトリウム及びクロール | E87: 132102861 | F87: 44636110 | G87: 〇 | H87: ナトリウム及びクロール | I87: ナトリウム及びクロール | J87: ○ | K87: あり | L87: =IF([1]診療行為!G85=K87, "", "check") -> check | M87: ナトリウム(Na)、クロール(Cl)
A88: D026 | B88: 検体検査判断料 | C88: 160062110 | D88: 免疫学的検査判断料 | E88: 130501039 | F88: 12184955 | H88: 免疫学的検査判断料 | I88: 免疫学的検査判断料 | J88: ○ | L88: =IF([1]診療行為!G86=K88, "", "check")
A89: D007 | B89: 血液化学検査 | C89: 160019310 | D89: 尿酸 | E89: 117043495 | F89: 22947594 | G89: 〇 | H89: 尿酸 | I89: 尿酸 | J89: ○ | K89: あり | L89: =IF([1]診療行為!G87=K89, "", "check") -> check | M89: 血清尿酸(UA)
A90: D007 | B90: 血液化学検査 | C90: 160019510 | D90: 乳酸デヒドロゲナーゼ（ＬＤ） | E90: 114098062 | F90: 39136011 | G90: 〇 | H90: 乳酸デヒドロゲナーゼ（ＬＤ） | I90: 乳酸デヒドロゲナーゼ（ＬＤ） | J90: ○ | K90: あり | L90: =IF([1]診療行為!G88=K90, "", "check") -> check | M90: LD(LDH)
A91: D007 | B91: 血液化学検査 | C91: 160017410 | D91: 総蛋白 | E91: 110601716 | F91: 34573926 | G91: 〇 | H91: 総蛋白 | I91: 総蛋白 | J91: ○ | K91: あり | L91: =IF([1]診療行為!G89=K91, "", "check") -> check | M91: 総蛋白(TP)
A92: D005 | B92: 血液形態・機能検査 | C92: 160008010 | D92: 末梢血液一般検査 | E92: 109406876 | F92: 47379426 | G92: 〇 | H92: 末梢血液一般検査 | I92: 末梢血液一般検査 | J92: ○ | K92: あり | L92: =IF([1]診療行為!G90=K92, "", "check") -> check | M92: 白血球数、赤血球数、血色素量(ヘモグロビン値)、血小板数
A93: D007 | B93: 血液化学検査 | C93: 160020910 | D93: 中性脂肪 | E93: 108579254 | F93: 8220568 | G93: 〇 | H93: 中性脂肪 | I93: 中性脂肪 | J93: ○ | K93: あり | L93: =IF([1]診療行為!G91=K93, "", "check") -> check | M93: 中性脂肪(TG)、空腹時中性脂肪(TG)、随時中性脂肪(TG)
A94: D007 | B94: 血液化学検査 | C94: 160020010 | D94: アルカリホスファターゼ（ＡＬＰ） | E94: 107459719 | F94: 33270032 | G94: 〇 | H94: アルカリホスファターゼ（ＡＬＰ） | I94: アルカリホスファターゼ（ＡＬＰ） | J94: ○ | K94: あり | L94: =IF([1]診療行為!G92=K94, "", "check") -> check | M94: アルカリホスファターゼ(ALP)
A95: D007 | B95: 血液化学検査 | C95: 160017010 | D95: 総ビリルビン | E95: 106660847 | F95: 39385219 | G95: 〇 | H95: 総ビリルビン | I95: 総ビリルビン | J95: ○ | K95: あり | L95: =IF([1]診療行為!G93=K95, "", "check") -> check | M95: 総ビリルビン(T-Bil)
A96: D007 | B96: 血液化学検査 | C96: 160018910 | D96: アルブミン（ＢＣＰ改良法・ＢＣＧ法） | E96: 101614644 | F96: 37054804 | G96: 〇 | H96: アルブミン（ＢＣＰ改良法・ＢＣＧ法） | I96: アルブミン（ＢＣＰ改良法・ＢＣＧ法） | J96: ○ | K96: あり | L96: =IF([1]診療行為!G94=K96, "", "check") -> check | M96: アルブミン
A97: D005 | B97: 血液形態・機能検査 | C97: 160010010 | D97: ヘモグロビンＡ１ｃ（ＨｂＡ１ｃ） | E97: 91201347 | F97: 4327624 | G97: 〇 | H97: ヘモグロビンＡ１ｃ（ＨｂＡ１ｃ） | I97: ヘモグロビンＡ１ｃ（ＨｂＡ１ｃ） | J97: ○ | K97: あり | L97: =IF([1]診療行為!G95=K97, "", "check") -> check | M97: HbA1c(NGSP)
A98: D007 | B98: 血液化学検査 | C98: 160020610 | D98: クレアチンキナーゼ（ＣＫ） | E98: 90242389 | F98: 30667842 | G98: 〇 | H98: クレアチンキナーゼ（ＣＫ） | I98: クレアチンキナーゼ（ＣＫ） | J98: ○ | K98: あり | L98: =IF([1]診療行為!G96=K98, "", "check") -> check | M98: クレアチンキナーゼ(CK)
A99: D007 | B99: 血液化学検査 | C99: 160023410 | D99: ＨＤＬ－コレステロール | E99: 82978245 | F99: 4609558 | G99: 〇 | H99: ＨＤＬ－コレステロール | I99: ＨＤＬ－コレステロール | J99: ○ | K99: あり | L99: =IF([1]診療行為!G97=K99, "", "check") -> check | M99: HDL-コレステロール(HDL-C)
A100: D264 | B100: 精密眼圧測定 | C100: 160082910 | D100: 精密眼圧測定 | E100: 82323481 | F100: 1286871 | H100: 精密眼圧測定 | I100: 精密眼圧測定 | J100: ○ | L100: =IF([1]診療行為!G98=K100, "", "check")
A101: D015 | B101: 血漿蛋白免疫学的検査 | C101: 160054710 | D101: Ｃ反応性蛋白（ＣＲＰ） | E101: 81696333 | F101: 41477104 | G101: 〇 | H101: Ｃ反応性蛋白（ＣＲＰ） | I101: Ｃ反応性蛋白（ＣＲＰ） | J101: ○ | K101: あり | L101: =IF([1]診療行為!G99=K101, "", "check") -> check | M101: CRP(定量)
A102: D273 | B102: 細隙灯顕微鏡検査（前眼部） | C102: 160084510 | D102: 細隙灯顕微鏡検査（前眼部） | E102: 77774439 | F102: 816640 | H102: 細隙灯顕微鏡検査（前眼部） | I102: 細隙灯顕微鏡検査（前眼部） | J102: ○ | L102: =IF([1]診療行為!G100=K102, "", "check")
A103: D007 | B103: 血液化学検査 | C103: 160167250 | D103: ＬＤＬ－コレステロール | E103: 76635298 | F103: 4344041 | G103: 〇 | H103: ＬＤＬ－コレステロール | I103: ＬＤＬ－コレステロール | J103: ○ | K103: あり | L103: =IF([1]診療行為!G101=K103, "", "check") -> check | M103: LDL-コレステロール(LDL-C)
A104: D263 | B104: 矯正視力検査 | C104: 160179110 | D104: 矯正視力検査（１以外の場合） | E104: 71369004 | F104: 531074 | H104: 矯正視力検査（１以外の場合） | I104: 矯正視力検査（１以外の場合） | J104: ○ | L104: =IF([1]診療行為!G102=K104, "", "check")
A105: D000 | B105: 尿中一般物質定性半定量検査 | C105: 160000310 | D105: 尿中一般物質定性半定量検査 | E105: 69013004 | F105: 10697026 | G105: 〇 | H105: 尿中一般物質定性半定量検査 | I105: 尿中一般物質定性半定量検査 | J105: ○ | K105: あり | L105: =IF([1]診療行為!G103=K105, "", "check") -> check | M105: 尿蛋白(定性)、尿蛋白(半定量)、尿糖(定性)、尿糖(半定量)、尿潜血(定性)、尿潜血(半定量)
A106: D255 | B106: 精密眼底検査（片側） | C106: 160081130 | D106: 精密眼底検査（両側） | E106: 66888134 | F106: 492935 | H106: 精密眼底検査（両側） | I106: 精密眼底検査（両側） | J106: ○ | L106: =IF([1]診療行為!G104=K106, "", "check")
A107: D007 | B107: 血液化学検査 | C107: 160021510 | D107: カルシウム | E107: 66187287 | F107: 22433098 | G107: 〇 | H107: カルシウム | I107: カルシウム | J107: ○ | K107: あり | L107: =IF([1]診療行為!G105=K107, "", "check") -> check | M107: カルシウム(Ca)
A108: D007 | B108: 血液化学検査 | C108: 160022410 | D108: 総コレステロール | E108: 56167307 | F108: 7718474 | G108: 〇 | H108: 総コレステロール | I108: 総コレステロール | J108: ○ | K108: あり | L108: =IF([1]診療行為!G106=K108, "", "check") -> check | M108: 総コレステロール(T-CHO)
A109: D007 | B109: 血液化学検査 | C109: 160020310 | D109: アミラーゼ | E109: 55214194 | F109: 19482865 | G109: 〇 | H109: アミラーゼ | I109: アミラーゼ | J109: ○ | K109: あり | L109: =IF([1]診療行為!G107=K109, "", "check") -> check | M109: アミラーゼ(AMY)
A110: D026 | B110: 検体検査判断料 | C110: 160062010 | D110: 生化学的検査（２）判断料 | E110: 54545562 | F110: 5177296 | H110: 生化学的検査（２）判断料 | I110: 生化学的検査（２）判断料 | J110: ○ | L110: =IF([1]診療行為!G108=K110, "", "check")
A111: D419 | B111: その他の検体採取 | C111: 160208510 | D111: 鼻腔・咽頭拭い液採取 | E111: 50473127 | F111: 5249020 | H111: 鼻腔・咽頭拭い液採取 | I111: 鼻腔・咽頭拭い液採取 | J111: ○ | L111: =IF([1]診療行為!G109=K111, "", "check")
A112: D005 | B112: 血液形態・機能検査 | C112: 160191510 | D112: 末梢血液像（自動機械法） | E112: 45878705 | F112: 32253887 | H112: 末梢血液像（自動機械法） | I112: 末梢血液像（自動機械法） | J112: ○ | L112: =IF([1]診療行為!G110=K112, "", "check")
A113: D026 | B113: 検体検査判断料 | C113: 160061710 | D113: 尿・糞便等検査判断料 | E113: 41803229 | F113: 3888678 | H113: 尿・糞便等検査判断料 | I113: 尿・糞便等検査判断料 | J113: ○ | L113: =IF([1]診療行為!G111=K113, "", "check")
A114: D007 | B114: 血液化学検査 | C114: 160020210 | D114: コリンエステラーゼ（ＣｈＥ） | E114: 35512825 | F114: 10008290 | G114: 〇 | H114: コリンエステラーゼ（ＣｈＥ） | I114: コリンエステラーゼ（ＣｈＥ） | J114: ○ | K114: あり | L114: =IF([1]診療行為!G112=K114, "", "check") -> check | M114: コリンエステラーゼ(ChE)
A115: D007 | B115: 血液化学検査 | C115: 160021810 | D115: 無機リン及びリン酸 | E115: 28459327 | F115: 10421853 | H115: 無機リン及びリン酸 | I115: 無機リン及びリン酸 | J115: ○ | L115: =IF([1]診療行為!G113=K115, "", "check")
A116: D215 | B116: 超音波検査 | C116: 160072210 | D116: 超音波検査（断層撮影法（心臓超音波検査を除く。））（その他の場合）（胸腹部） | E116: 27332526 | F116: 1868023 | H116: 超音波検査（断層撮影法（心臓超音波検査を除く。））（その他の場合）（胸腹部） | I116: 超音波検査（断層撮影法（心臓超音波検査を除く。））（その他の場合）（胸腹部） | J116: ○ | L116: =IF([1]診療行為!G114=K116, "", "check")
A117: D208 | B117: 心電図検査 | C117: 160068410 | D117: 心電図検査（四肢単極誘導及び胸部誘導を含む最低１２誘導） | E117: 27000726 | F117: 9249577 | H117: 心電図検査（四肢単極誘導及び胸部誘導を含む最低１２誘導） | I117: 心電図検査（四肢単極誘導及び胸部誘導を含む最低１２誘導） | J117: ○ | L117: =IF([1]診療行為!G115=K117, "", "check")
A118: D012 | B118: 感染症免疫学的検査 | C118: 160230050 | D118: ＳＡＲＳ－ＣｏＶ－２・インフルエンザウイルス抗原同時検出定性 | E118: 25839137 | F118: 1222876 | H118: ＳＡＲＳ－ＣｏＶ－２・インフルエンザウイルス抗原同時検出定性 | I118: ＳＡＲＳ－ＣｏＶ－２・インフルエンザウイルス抗原同時検出定性 | J118: ○ | L118: =IF([1]診療行為!G116=K118, "", "check")
A119: D256-2 | B119: 眼底三次元画像解析 | C119: 160183310 | D119: 眼底三次元画像解析 | E119: 24752549 | F119: 158985 | H119: 眼底三次元画像解析 | I119: 眼底三次元画像解析 | J119: ○ | L119: =IF([1]診療行為!G117=K119, "", "check")
A120: D007 | B120: 血液化学検査 | C120: 160017110 | D120: 直接ビリルビン | E120: 23636853 | F120: 11322240 | G120: 〇 | H120: 直接ビリルビン | I120: 直接ビリルビン | J120: ○ | K120: あり | L120: =IF([1]診療行為!G118=K120, "", "check") -> check | M120: 直接ビリルビン(D-Bil)
A121: D261 | B121: 屈折検査 | C121: 160208010 | D121: 屈折検査（１以外の場合） | E121: 23407506 | F121: 308959 | H121: 屈折検査（１以外の場合） | I121: 屈折検査（１以外の場合） | J121: ○ | L121: =IF([1]診療行為!G119=K121, "", "check")
A122: D273 | B122: 細隙灯顕微鏡検査（前眼部） | C122: 160084650 | D122: 細隙灯顕微鏡検査（前眼部）後生体染色使用再検査 | E122: 23375545 | F122: 89105 | H122: 細隙灯顕微鏡検査（前眼部）後生体染色使用再検査 | I122: 細隙灯顕微鏡検査（前眼部）後生体染色使用再検査 | J122: ○ | L122: =IF([1]診療行為!G120=K122, "", "check")
A123: D026 | B123: 検体検査判断料 | C123: 160062210 | D123: 微生物学的検査判断料 | E123: 22652869 | F123: 4979149 | H123: 微生物学的検査判断料 | I123: 微生物学的検査判断料 | J123: ○ | L123: =IF([1]診療行為!G121=K123, "", "check")
A124: D257 | B124: 細隙灯顕微鏡検査（前眼部及び後眼部） | C124: 160081610 | D124: 細隙灯顕微鏡検査（前眼部及び後眼部） | E124: 22360910 | F124: 802350 | H124: 細隙灯顕微鏡検査（前眼部及び後眼部） | I124: 細隙灯顕微鏡検査（前眼部及び後眼部） | J124: ○ | L124: =IF([1]診療行為!G122=K124, "", "check")
A125: D265 | B125: 角膜曲率半径計測 | C125: 160083150 | D125: 角膜曲率半径計測 | E125: 20490315 | F125: 250799 | H125: 角膜曲率半径計測 | I125: 角膜曲率半径計測 | J125: ○ | L125: =IF([1]診療行為!G123=K125, "", "check")
A126: D008 | B126: 内分泌学的検査 | C126: 160031710 | D126: 甲状腺刺激ホルモン（ＴＳＨ） | E126: 19923450 | F126: 2143490 | H126: 甲状腺刺激ホルモン（ＴＳＨ） | I126: 甲状腺刺激ホルモン（ＴＳＨ） | J126: ○ | L126: =IF([1]診療行為!G124=K126, "", "check")
A127: D255 | B127: 精密眼底検査（片側） | C127: 160081010 | D127: 精密眼底検査（片側） | E127: 19661540 | F127: 826887 | H127: 精密眼底検査（片側） | I127: 精密眼底検査（片側） | J127: ○ | L127: =IF([1]診療行為!G125=K127, "", "check")
A128: D008 | B128: 内分泌学的検査 | C128: 160033310 | D128: 遊離サイロキシン（ＦＴ４） | E128: 19221862 | F128: 2112778 | H128: 遊離サイロキシン（ＦＴ４） | I128: 遊離サイロキシン（ＦＴ４） | J128: ○ | L128: =IF([1]診療行為!G126=K128, "", "check")
A129: D002 | B129: 尿沈渣（鏡検法） | C129: 160005010 | D129: 尿沈渣（鏡検法） | E129: 18290110 | F129: 4369238 | H129: 尿沈渣（鏡検法） | I129: 尿沈渣（鏡検法） | J129: ○ | L129: =IF([1]診療行為!G127=K129, "", "check")
A130: D006 | B130: 出血・凝固検査 | C130: 160012010 | D130: プロトロンビン時間（ＰＴ） | E130: 18147429 | F130: 14081850 | G130: 〇 | H130: プロトロンビン時間（ＰＴ） | I130: プロトロンビン時間（ＰＴ） | J130: ○ | K130: あり | L130: =IF([1]診療行為!G128=K130, "", "check") -> check | M130: プロトロンビン時間(PT-秒)、プロトロンビン時間(PT比)、プロトロンビン時間(PT-活性)、プロトロンビン時間(PT-INR)
A131: D007 | B131: 血液化学検査 | C131: 160022110 | D131: 鉄（Ｆｅ） | E131: 16497494 | F131: 2766681 | H131: 鉄（Ｆｅ） | I131: 鉄（Ｆｅ） | J131: ○ | L131: =IF([1]診療行為!G129=K131, "", "check")
A132: D260 | B132: 量的視野検査（片側） | C132: 160082210 | D132: 静的量的視野検査（片側） | E132: 15610488 | F132: 24497 | H132: 静的量的視野検査（片側） | I132: 静的量的視野検査（片側） | J132: ○ | L132: =IF([1]診療行為!G130=K132, "", "check")
A133: D012 | B133: 感染症免疫学的検査 | C133: 160229850 | D133: ＳＡＲＳ－ＣｏＶ－２抗原定性 | E133: 15222324 | F133: 1512907 | H133: ＳＡＲＳ－ＣｏＶ－２抗原定性 | I133: ＳＡＲＳ－ＣｏＶ－２抗原定性 | J133: ○ | L133: =IF([1]診療行為!G131=K133, "", "check")
A134: D215 | B134: 超音波検査 | C134: 160165010 | D134: 超音波検査（断層撮影法（心臓超音波検査を除く。））（その他の場合）（その他）（頭頸部、四肢、体表、末梢血管等） | E134: 13471940 | F134: 939464 | H134: 超音波検査（断層撮影法（心臓超音波検査を除く。））（その他の場合）（その他）（頭頸部、四肢、体表、末梢血管等） | I134: 超音波検査（断層撮影法（心臓超音波検査を除く。））（その他の場合）（その他）（頭頸部、四肢、体表、末梢血管等） | J134: ○ | L134: =IF([1]診療行為!G132=K134, "", "check")
...

Sheet 電カル共有項目がNDBに含まれるか
B2: 電カル共有JLACコード | D2: NDB集計有無
B3: 大項目 | C3: 検査項目
B4: 総蛋白(TP) | C4: 総蛋白(TP) | D4: あり
B5: アルブミン | C5: アルブミン | D5: あり
B6: クレアチンキナーゼ(CK) | C6: クレアチンキナーゼ(CK) | D6: あり
B7: AST(GOT) | C7: AST(GOT) | D7: あり
B8: ALT(GPT) | C8: ALT(GPT) | D8: あり
B9: LD(LDH) | C9: LD(LDH) | D9: あり
B10: アルカリホスファターゼ(ALP) | C10: アルカリホスファターゼ(ALP) | D10: あり
B11: γ-GTP(GGT) | C11: γ-GT(γ-GTP) | D11: あり
B12: コリンエステラーゼ(ChE) | C12: コリンエステラーゼ(ChE) | D12: あり
B13: アミラーゼ(AMY) | C13: アミラーゼ(AMY) | D13: あり
B14: クレアチニン(Cre) | C14: 血清クレアチニン(Cre) | D14: あり
B15: シスタチンC(Cys-C) | C15: シスタチンC(Cys-C) | D15: あり
... B92: HIV | C92: HIV-1+2抗原・抗体同時(陽性コントロール比) | D92: あり

Sheet 長谷川さん作業＞

Sheet 作業3_関数削除ランキング
A1: 診療年月：2024年04月～2025年03月 D 検査 外来 ※集計結果が10未満の場合は「‐」で表示（10未満の箇所が1箇所の場合は10以上の最小値を全て「‐」で表示）※集計対象期間内に名称や点数・金額等に変更がある場合、変更後の情報で表示
A2: 診療年月：2024年04月～2025年03月 D 検査 入院 ※集計結果が10未満の場合は「‐」で表示（10未満の箇所が1箇所の場合は10以上の最小値を全て「‐」で表示）※集計対象期間内に名称や点数・金額等に変更がある場合、変更後の情報で表示
A4: 分類コード | B4: 分類名称 | C4: 診療行為コード | D4: 診療行為 | E4: 外来総計（算定回数） | F4: 入院総計（算定回数） | G4: 43+5項目 | H4: 確認用：外来診療行為コード | I4: 確認用：入院診療行為コード | J4: 不一致フラグ
A5: D001 | B5: 尿中特殊物質定性定量検査 | C5: 160003750 | D5: Ｄｅａｎａｎｄ Ｂａｒｎｅｓ反応 | E5: - | F5: - | H5: Ｄｅａｎａｎｄ Ｂａｒｎｅｓ反応 | I5: Ｄｅａｎａｎｄ Ｂａｒｎｅｓ反応 | J5: ○
A6: D001 | B6: 尿中特殊物質定性定量検査 | C6: 160156710 | D6: ポルフィリン症スクリーニングテスト（尿） | E6: - | F6: - | H6: ポルフィリン症スクリーニングテスト（尿） | I6: ポルフィリン症スクリーニングテスト（尿） | J6: ○
A7: D003 | B7: 糞便検査 | C7: 160112610 | D7: ウロビリン（糞便） | E7: - | F7: - | H7: ウロビリン（糞便） | I7: ウロビリン（糞便） | J7: ○
A8: D004-2 | B8: 悪性腫瘍組織検査 | C8: 160221910 | D8: 悪性腫瘍組織検査（処理が容易なもの）（その他のもの）（悪性黒色腫におけるセンチネルリンパ節生検に係る遺伝子検査） | E8: - | F8: - | H8: 悪性腫瘍組織検査（処理が容易なもの）（その他のもの）（悪性黒色腫におけるセンチネルリンパ節生検に係る遺伝子検査） | I8: 悪性腫瘍組織検査（処理が容易なもの）（その他のもの）（悪性黒色腫におけるセンチネルリンパ節生検に係る遺伝子検査） | J8: ○
A9: D005 | B9: 血液形態・機能検査 | C9: 160228250 | D9: ＤＮＡ含有赤血球計数検査 | E9: - | F9: - | H9: ＤＮＡ含有赤血球計数検査 | I9: ＤＮＡ含有赤血球計数検査 | J9: ○
A10: D006 | B10: 出血・凝固検査 | C10: 160012750 | D10: 蛇毒試験 | E10: - | F10: - | H10: 蛇毒試験 | I10: 蛇毒試験 | J10: ○
A11: D006-4 | B11: 遺伝学的検査 | C11: 160239110 | D11: 遺伝学的検査（処理が複雑なもの）（複数疾患） | E11: - | F11: - | H11: 遺伝学的検査（処理が複雑なもの）（複数疾患） | I11: 遺伝学的検査（処理が複雑なもの）（複数疾患） | J11: ○
A12: D006-4 | B12: 遺伝学的検査 | C12: 160239410 | D12: 遺伝学的検査（処理が複雑なもの）（（１）のエに掲げる遺伝子疾患の場合）（複数疾患） | E12: - | F12: - | H12: 遺伝学的検査（処理が複雑なもの）（（１）のエに掲げる遺伝子疾患の場合）（複数疾患） | I12: 遺伝学的検査（処理が複雑なもの）（（１）のエに掲げる遺伝子疾患の場合）（複数疾患） | J12: ○
A13: D006-4 | B13: 遺伝学的検査 | C13: 160239510 | D13: 遺伝学的検査（処理が極めて複雑なもの）（（１）のエに掲げる遺伝子疾患の場合）（複数疾患） | E13: - | F13: - | H13: 遺伝学的検査（処理が極めて複雑なもの）（（１）のエに掲げる遺伝子疾患の場合）（複数疾患） | I13: 遺伝学的検査（処理が極めて複雑なもの）（（１）のエに掲げる遺伝子疾患の場合）（複数疾患） | J13: ○
A14: D006-4 | B14: 遺伝学的検査 | C14: 160239710 | D14: 遺伝学的検査（処理が複雑なもの）（（１）のオに掲げる遺伝子疾患の場合）（複数疾患） | E14: - | F14: - | H14: 遺伝学的検査（処理が複雑なもの）（（１）のオに掲げる遺伝子疾患の場合）（複数疾患） | I14: 遺伝学的検査（処理が複雑なもの）（（１）のオに掲げる遺伝子疾患の場合）（複数疾患） | J14: ○
A15: D006-4 | B15: 遺伝学的検査 | C15: 160239810 | D15: 遺伝学的検査（処理が極めて複雑なもの）（（１）のオに掲げる遺伝子疾患の場合）（複数疾患） | E15: - | F15: - | H15: 遺伝学的検査（処理が極めて複雑なもの）（（１）のオに掲げる遺伝子疾患の場合）（複数疾患） | I15: 遺伝学的検査（処理が極めて複雑なもの）（（１）のオに掲げる遺伝子疾患の場合）（複数疾患） | J15: ○
A16: D006-27 | B16: 悪性腫瘍遺伝子検査（血液・血漿） | C16: 160223750 | D16: 悪性腫瘍遺伝子検査（血液・血漿）（ＭＥＴｅｘ１４遺伝子検査） | E16: - | F16: - | H16: 悪性腫瘍遺伝子検査（血液・血漿）（ＭＥＴｅｘ１４遺伝子検査） | I16: 悪性腫瘍遺伝子検査（血液・血漿）（ＭＥＴｅｘ１４遺伝子検査） | J16: ○
... A36: D417 | B36: 組織試験採取、切採法 | C36: 160100510 | D36: 組織試験採取、切採法（精巣上体（副睾丸）） | E36: - | F36: - | H36: 組織試験採取、切採法（精巣上体（副睾丸）） | I36: 組織試験採取、切採法（精巣上体（副睾丸）） | J36: ○
A37: D226 | B37: 中心静脈圧測定 | C37: 160074410 | D37: 中心静脈圧測定（５回以上の場合）（１日につき） | E37: - | F37: 446039 | H37: 中心静脈圧測定（５回以上の場合）（１日につき） | I37: 中心静脈圧測定（５回以上の場合）（１日につき） | J37: ○
A38: D235-3 | B38: 長期脳波ビデオ同時記録検査 | C38: 160207510 | D38: 長期脳波ビデオ同時記録検査１（１日につき） | E38: - | F38: 15577 | H38: 長期脳波ビデオ同時記録検査１（１日につき） | I38: 長期脳波ビデオ同時記録検査１（１日につき） | J38: ○
A39: D227 | B39: 頭蓋内圧持続測定 | C39: 160103010 | D39: 頭蓋内圧持続測定（３時間を超えた場合）（１日につき） | E39: - | F39: 14584 | H39: 頭蓋内圧持続測定（３時間を超えた場合）（１日につき） | I39: 頭蓋内圧持続測定（３時間を超えた場合）（１日につき） | J39: ○
A40: D417 | B40: 組織試験採取、切採法 | C40: 160188310 | D40: 組織試験採取、切採法（心筋） | E40: - | F40: 12911 | H40: 組織試験採取、切採法（心筋） | I40: 組織試験採取、切採法（心筋） | J40: ○
A41: D006-21 | B41: 血液粘弾性検査 | C41: 160217410 | D41: 血液粘弾性検査（一連につき） | E41: - | F41: 6664 | H41: 血液粘弾性検査（一連につき） | I41: 血液粘弾性検査（一連につき） | J41: ○
A42: D222 | B42: 経皮的血液ガス分圧測定、血液ガス連続測定 | C42: 160159450 | D42: 血液ガス連続測定（５時間を超えた場合）（１日につき） | E42: - | F42: 2939 | H42: 血液ガス連続測定（５時間を超えた場合）（１日につき） | I42: 血液ガス連続測定（５時間を超えた場合）（１日につき） | J42: ○
A43: D303 | B43: 胸腔鏡検査 | C43: 160093010 | D43: 胸腔鏡検査 | E43: - | F43: 2070 | H43: 胸腔鏡検査 | I43: 胸腔鏡検査 | J43: ○
A44: D004 | B44: 穿刺液・採取液検査 | C44: 160182110 | D44: マイクロバブルテスト | E44: - | F44: 1105 | H44: マイクロバブルテスト | I44: マイクロバブルテスト | J44: ○
A45: D207 | B45: 体液量等測定 | C45: 160067610 | D45: 循環時間測定 | E45: - | F45: 645 | H45: 循環時間測定 | I45: 循環時間測定 | J45: ○
A46: D314 | B46: 腹腔鏡検査 | C46: 160095010 | D46: 腹腔鏡検査 | E46: - | F46: 492 | H46: 腹腔鏡検査 | I46: 腹腔鏡検査 | J46: ○
A47: D291-3 | B47: 内服・点滴誘発試験 | C47: 160187410 | D47: 内服・点滴誘発試験 | E47: - | F47: 435 | H47: 内服・点滴誘発試験 | I47: 内服・点滴誘発試験 | J47: ○
A48: D416 | B48: 臓器穿刺、組織採取 | C48: 160098410 | D48: 臓器穿刺、組織採取（開腹によるもの）（腎を含む） | E48: - | F48: 404 | H48: 臓器穿刺、組織採取（開腹によるもの）（腎を含む） | I48: 臓器穿刺、組織採取（開腹によるもの）（腎を含む） | J48: ○
... A77: D012 | B77: 感染症免疫学的検査 | C77: 160042910 | D77: ウイルス抗体価（定性・半定量・定量）（ポリオウイルス２型） | E77: - | F77: 12 | H77: ウイルス抗体価（定性・半定量・定量）（ポリオウイルス２型） | I77: ウイルス抗体価（定性・半定量・定量）（ポリオウイルス２型） | J77: ○
A78: D400 | B78: 血液採取 | C78: 160095710 | D78: 血液採取（静脈） | E78: 182055444 | F78: 84255 | H78: 血液採取（静脈） | I78: 血液採取（静脈） | J78: ○
A79: D026 | B79: 検体検査判断料 | C79: 160061810 | D79: 血液学的検査判断料 | E79: 174761133 | F79: 12480942 | H79: 血液学的検査判断料 | I79: 血液学的検査判断料 | J79: ○
A80: D026 | B80: 検体検査判断料 | C80: 160061910 | D80: 生化学的検査（１）判断料 | E80: 173550281 | F80: 12666526 | H80: 生化学的検査（１）判断料 | I80: 生化学的検査（１）判断料 | J80: ○
A81: D007 | B81: 血液化学検査 | C81: 160019210 | D81: クレアチニン | E81: 154198398 | F81: 44753025 | G81: 〇 | H81: クレアチニン | I81: クレアチニン | J81: ○
A82: D007 | B82: 血液化学検査 | C82: 160022610 | D82: アラニンアミノトランスフェラーゼ（ＡＬＴ） | E82: 153058284 | F82: 43656202 | G82: 〇 | H82: アラニンアミノトランスフェラーゼ（ＡＬＴ） | I82: アラニンアミノトランスフェラーゼ（ＡＬＴ） | J82: ○
A83: D007 | B83: 血液化学検査 | C83: 160022510 | D83: アスパラギン酸アミノトランスフェラーゼ（ＡＳＴ） | E83: 152795361 | F83: 43724121 | G83: 〇 | H83: アスパラギン酸アミノトランスフェラーゼ（ＡＳＴ） | I83: アスパラギン酸アミノトランスフェラーゼ（ＡＳＴ） | J83: ○
A84: D007 | B84: 血液化学検査 | C84: 160019010 | D84: 尿素窒素 | E84: 145836226 | F84: 44657738 | G84: 〇 | H84: 尿素窒素 | I84: 尿素窒素 | J84: ○
A85: D007 | B85: 血液化学検査 | C85: 160020410 | D85: γ－グルタミルトランスフェラーゼ（γ－ＧＴ） | E85: 134267832 | F85: 34323678 | G85: 〇 | H85: γ－グルタミルトランスフェラーゼ（γ－ＧＴ） | I85: γ－グルタミルトランスフェラーゼ（γ－ＧＴ） | J85: ○
A86: D007 | B86: 血液化学検査 | C86: 160019410 | D86: グルコース | E86: 132698638 | F86: 53821138 | G86: 〇 | H86: グルコース | I86: グルコース | J86: ○
A87: D007 | B87: 血液化学検査 | C87: 160021410 | D87: カリウム | E87: 132311576 | F87: 43919120 | G87: 〇 | H87: カリウム | I87: カリウム | J87: ○
A88: D007 | B88: 血液化学検査 | C88: 160021110 | D88: ナトリウム及びクロール | E88: 132102861 | F88: 44636110 | G88: 〇 | H88: ナトリウム及びクロール | I88: ナトリウム及びクロール | J88: ○
A89: D026 | B89: 検体検査判断料 | C89: 160062110 | D89: 免疫学的検査判断料 | E89: 130501039 | F89: 12184955 | H89: 免疫学的検査判断料 | I89: 免疫学的検査判断料 | J89: ○
A90: D007 | B90: 血液化学検査 | C90: 160019310 | D90: 尿酸 | E90: 117043495 | F90: 22947594 | G90: 〇 | H90: 尿酸 | I90: 尿酸 | J90: ○
A91: D007 | B91: 血液化学検査 | C91: 160019510 | D91: 乳酸デヒドロゲナーゼ（ＬＤ） | E91: 114098062 | F91: 39136011 | G91: 〇 | H91: 乳酸デヒドロゲナーゼ（ＬＤ） | I91: 乳酸デヒドロゲナーゼ（ＬＤ） | J91: ○
A92: D007 | B92: 血液化学検査 | C92: 160017410 | D92: 総蛋白 | E92: 110601716 | F92: 34573926 | G92: 〇 | H92: 総蛋白 | I92: 総蛋白 | J92: ○
A93: D005 | B93: 血液形態・機能検査 | C93: 160008010 | D93: 末梢血液一般検査 | E93: 109406876 | F93: 47379426 | G93: 〇 | H93: 末梢血液一般検査 | I93: 末梢血液一般検査 | J93: ○
A94: D007 | B94: 血液化学検査 | C94: 160020910 | D94: 中性脂肪 | E94: 108579254 | F94: 8220568 | G94: 〇 | H94: 中性脂肪 | I94: 中性脂肪 | J94: ○
A95: D007 | B95: 血液化学検査 | C95: 160020010 | D95: アルカリホスファターゼ（ＡＬＰ） | E95: 107459719 | F95: 33270032 | G95: 〇 | H95: アルカリホスファターゼ（ＡＬＰ） | I95: アルカリホスファターゼ（ＡＬＰ） | J95: ○
A96: D007 | B96: 血液化学検査 | C96: 160017010 | D96: 総ビリルビン | E96: 106660847 | F96: 39385219 | G96: 〇 | H96: 総ビリルビン | I96: 総ビリルビン | J96: ○
A97: D007 | B97: 血液化学検査 | C97: 160018910 | D97: アルブミン（ＢＣＰ改良法・ＢＣＧ法） | E97: 101614644 | F97: 37054804 | G97: 〇 | H97: アルブミン（ＢＣＰ改良法・ＢＣＧ法） | I97: アルブミン（ＢＣＰ改良法・ＢＣＧ法） | J97: ○
A98: D005 | B98: 血液形態・機能検査 | C98: 160010010 | D98: ヘモグロビンＡ１ｃ（ＨｂＡ１ｃ） | E98: 91201347 | F98: 4327624 | G98: 〇 | H98: ヘモグロビンＡ１ｃ（ＨｂＡ１ｃ） | I98: ヘモグロビンＡ１ｃ（ＨｂＡ１ｃ） | J98: ○
A99: D007 | B99: 血液化学検査 | C99: 160020610 | D99: クレアチンキナーゼ（ＣＫ） | E99: 90242389 | F99: 30667842 | G99: 〇 | H99: クレアチンキナーゼ（ＣＫ） | I99: クレアチンキナーゼ（ＣＫ） | J99: ○
A100: D007 | B100: 血液化学検査 | C100: 160023410 | D100: ＨＤＬ－コレステロール | E100: 82978245 | F100: 4609558 | G100: 〇 | H100: ＨＤＬ－コレステロール | I100: ＨＤＬ－コレステロール | J100: ○
A101: D264 | B101: 精密眼圧測定 | C101: 160082910 | D101: 精密眼圧測定 | E101: 82323481 | F101: 1286871 | H101: 精密眼圧測定 | I101: 精密眼圧測定 | J101: ○
A102: D015 | B102: 血漿蛋白免疫学的検査 | C102: 160054710 | D102: Ｃ反応性蛋白（ＣＲＰ） | E102: 81696333 | F102: 41477104 | G102: 〇 | H102: Ｃ反応性蛋白（ＣＲＰ） | I102: Ｃ反応性蛋白（ＣＲＰ） | J102: ○
A103: D273 | B103: 細隙灯顕微鏡検査（前眼部） | C103: 160084510 | D103: 細隙灯顕微鏡検査（前眼部） | E103: 77774439 | F103: 816640 | H103: 細隙灯顕微鏡検査（前眼部） | I103: 細隙灯顕微鏡検査（前眼部） | J103: ○
A104: D007 | B104: 血液化学検査 | C104: 160167250 | D104: ＬＤＬ－コレステロール | E104: 76635298 | F104: 4344041 | G104: 〇 | H104: ＬＤＬ－コレステロール | I104: ＬＤＬ－コレステロール | J104: ○
A105: D263 | B105: 矯正視力検査 | C105: 160179110 | D105: 矯正視力検査（１以外の場合） | E105: 71369004 | F105: 531074 | H105: 矯正視力検査（１以外の場合） | I105: 矯正視力検査（１以外の場合） | J105: ○
A106: D000 | B106: 尿中一般物質定性半定量検査 | C106: 160000310 | D106: 尿中一般物質定性半定量検査 | E106: 69013004 | F106: 10697026 | G106: 〇 | H106: 尿中一般物質定性半定量検査 | I106: 尿中一般物質定性半定量検査 | J106: ○
A107: D255 | B107: 精密眼底検査（片側） | C107: 160081130 | D107: 精密眼底検査（両側） | E107: 66888134 | F107: 492935 | H107: 精密眼底検査（両側） | I107: 精密眼底検査（両側） | J107: ○
A108: D007 | B108: 血液化学検査 | C108: 160021510 | D108: カルシウム | E108: 66187287 | F108: 22433098 | G108: 〇 | H108: カルシウム | I108: カルシウム | J108: ○
A109: D007 | B109: 血液化学検査 | C109: 160022410 | D109: 総コレステロール | E109: 56167307 | F109: 7718474 | G109: 〇 | H109: 総コレステロール | I109: 総コレステロール | J109: ○
A110: D007 | B110: 血液化学検査 | C110: 160020310 | D110: アミラーゼ | E110: 55214194 | F110: 19482865 | G110: 〇 | H110: アミラーゼ | I110: アミラーゼ | J110: ○
A111: D026 | B111: 検体検査判断料 | C111: 160062010 | D111: 生化学的検査（２）判断料 | E111: 54545562 | F111: 5177296 | H111: 生化学的検査（２）判断料 | I111: 生化学的検査（２）判断料 | J111: ○
A112: D419 | B112: その他の検体採取 | C112: 160208510 | D112: 鼻腔・咽頭拭い液採取 | E112: 50473127 | F112: 5249020 | H112: 鼻腔・咽頭拭い液採取 | I112: 鼻腔・咽頭拭い液採取 | J112: ○
A113: D005 | B113: 血液形態・機能検査 | C113: 160191510 | D113: 末梢血液像（自動機械法） | E113: 45878705 | F113: 32253887 | H113: 末梢血液像（自動機械法） | I113: 末梢血液像（自動機械法） | J113: ○
A114: D026 | B114: 検体検査判断料 | C114: 160061710 | D114: 尿・糞便等検査判断料 | E114: 41803229 | F114: 3888678 | H114: 尿・糞便等検査判断料 | I114: 尿・糞便等検査判断料 | J114: ○
A115: D007 | B115: 血液化学検査 | C115: 160020210 | D115: コリンエステラーゼ（ＣｈＥ） | E115: 35512825 | F115: 10008290 | G115: 〇 | H115: コリンエステラーゼ（ＣｈＥ） | I115: コリンエステラーゼ（ＣｈＥ） | J115: ○
A116: D007 | B116: 血液化学検査 | C116: 160021810 | D116: 無機リン及びリン酸 | E116: 28459327 | F116: 10421853 | H116: 無機リン及びリン酸 | I116: 無機リン及びリン酸 | J116: ○
A117: D215 | B117: 超音波検査 | C117: 160072210 | D117: 超音波検査（断層撮影法（心臓超音波検査を除く。））（その他の場合）（胸腹部） | E117: 27332526 | F117: 1868023 | H117: 超音波検査（断層撮影法（心臓超音波検査を除く。））（その他の場合）（胸腹部） | I117: 超音波検査（断層撮影法（心臓超音波検査を除く。））（その他の場合）（胸腹部） | J117: ○
A118: D208 | B118: 心電図検査 | C118: 160068410 | D118: 心電図検査（四肢単極誘導及び胸部誘導を含む最低１２誘導） | E118: 27000726 | F118: 9249577 | H118: 心電図検査（四肢単極誘導及び胸部誘導を含む最低１２誘導） | I118: 心電図検査（四肢単極誘導及び胸部誘導を含む最低１２誘導） | J118: ○
A119: D012 | B119: 感染症免疫学的検査 | C119: 160230050 | D119: ＳＡＲＳ－ＣｏＶ－２・インフルエンザウイルス抗原同時検出定性 | E119: 25839137 | F119: 1222876 | H119: ＳＡＲＳ－ＣｏＶ－２・インフルエンザウイルス抗原同時検出定性 | I119: ＳＡＲＳ－ＣｏＶ－２・インフルエンザウイルス抗原同時検出定性 | J119: ○
A120: D256-2 | B120: 眼底三次元画像解析 | C120: 160183310 | D120: 眼底三次元画像解析 | E120: 24752549 | F120: 158985 | H120: 眼底三次元画像解析 | I120: 眼底三次元画像解析 | J120: ○
A121: D007 | B121: 血液化学検査 | C121: 160017110 | D121: 直接ビリルビン | E121: 23636853 | F121: 11322240 | G121: 〇 | H121: 直接ビリルビン | I121: 直接ビリルビン | J121: ○
A122: D261 | B122: 屈折検査 | C122: 160208010 | D122: 屈折検査（１以外の場合） | E122: 23407506 | F122: 308959 | H122: 屈折検査（１以外の場合） | I122: 屈折検査（１以外の場合） | J122: ○
A123: D273 | B123: 細隙灯顕微鏡検査（前眼部） | C123: 160084650 | D123: 細隙灯顕微鏡検査（前眼部）後生体染色使用再検査 | E123: 23375545 | F123: 89105 | H123: 細隙灯顕微鏡検査（前眼部）後生体染色使用再検査 | I123: 細隙灯顕微鏡検査（前眼部）後生体染色使用再検査 | J123: ○
A124: D026 | B124: 検体検査判断料 | C124: 160062210 | D124: 微生物学的検査判断料 | E124: 22652869 | F124: 4979149 | H124: 微生物学的検査判断料 | I124: 微生物学的検査判断料 | J124: ○
A125: D257 | B125: 細隙灯顕微鏡検査（前眼部及び後眼部） | C125: 160081610 | D125: 細隙灯顕微鏡検査（前眼部及び後眼部） | E125: 22360910 | F125: 802350 | H125: 細隙灯顕微鏡検査（前眼部及び後眼部） | I125: 細隙灯顕微鏡検査（前眼部及び後眼部） | J125: ○
A126: D265 | B126: 角膜曲率半径計測 | C126: 160083150 | D126: 角膜曲率半径計測 | E126: 20490315 | F126: 250799 | H126: 角膜曲率半径計測 | I126: 角膜曲率半径計測 | J126: ○
A127: D008 | B127: 内分泌学的検査 | C127: 160031710 | D127: 甲状腺刺激ホルモン（ＴＳＨ） | E127: 19923450 | F127: 2143490 | H127: 甲状腺刺激ホルモン（ＴＳＨ） | I127: 甲状腺刺激ホルモン（ＴＳＨ） | J127: ○
A128: D255 | B128: 精密眼底検査（片側） | C128: 160081010 | D128: 精密眼底検査（片側） | E128: 19661540 | F128: 826887 | H128: 精密眼底検査（片側） | I128: 精密眼底検査（片側） | J128: ○
A129: D008 | B129: 内分泌学的検査 | C129: 160033310 | D129: 遊離サイロキシン（ＦＴ４） | E129: 19221862 | F129: 2112778 | H129: 遊離サイロキシン（ＦＴ４） | I129: 遊離サイロキシン（ＦＴ４） | J129: ○
A130: D002 | B130: 尿沈渣（鏡検法） | C130: 160005010 | D130: 尿沈渣（鏡検法） | E130: 18290110 | F130: 4369238 | H130: 尿沈渣（鏡検法） | I130: 尿沈渣（鏡検法） | J130: ○
A131: D006 | B131: 出血・凝固検査 | C131: 160012010 | D131: プロトロンビン時間（ＰＴ） | E131: 18147429 | F131: 14081850 | G131: 〇 | H131: プロトロンビン時間（ＰＴ） | I131: プロトロンビン時間（ＰＴ） | J131: ○
A132: D007 | B132: 血液化学検査 | C132: 160022110 | D132: 鉄（Ｆｅ） | E132: 16497494 | F132: 2766681 | H132: 鉄（Ｆｅ） | I132: 鉄（Ｆｅ） | J132: ○
A133: D260 | B133: 量的視野検査（片側） | C133: 160082210 | D133: 静的量的視野検査（片側） | E133: 15610488 | F133: 24497 | H133: 静的量的視野検査（片側） | I133: 静的量的視野検査（片側） | J133: ○
A134: D012 | B134: 感染症免疫学的検査 | C134: 160229850 | D134: ＳＡＲＳ－ＣｏＶ－２抗原定性 | E134: 15222324 | F134: 1512907 | H134: ＳＡＲＳ－ＣｏＶ－２抗原定性 | I134: ＳＡＲＳ－ＣｏＶ－２抗原定性 | J134: ○
A135: D215 | B135: 超音波検査 | C135: 160165010 | D135: 超音波検査（断層撮影法（心臓超音波検査を除く。））（その他の場合）（その他）（頭頸部、四肢、体表、末梢血管等） | E135: 13471940 | F135: 939464 | H135: 超音波検査（断層撮影法（心臓超音波検査を除く。））（その他の場合）（その他）（頭頸部、四肢、体表、末梢血管等） | I135: 超音波検査（断層撮影法（心臓超音波検査を除く。））（その他の場合）（その他）（頭頸部、四肢、体表、末梢血管等） | J135: ○
A136: D006 | B136: 出血・凝固検査 | C136: 160012310 | D136: 活性化部分トロンボプラスチン時間（ＡＰＴＴ） | E136: 13277328 | F136: 13490551 | G136: 〇 | H136: 活性化部分トロンボプラスチン時間（ＡＰＴＴ） | I136: 活性化部分トロンボプラスチン時間（ＡＰＴＴ） | J136: ○
A137: D008 | B137: 内分泌学的検査 | C137: 160162350 | D137: 脳性Ｎａ利尿ペプチド（ＢＮＰ） | E137: 12495146 | F137: 2637620 | G137: 〇 | H137: 脳性Ｎａ利尿ペプチド（ＢＮＰ） | I137: 脳性Ｎａ利尿ペプチド（ＢＮＰ） | J137: ○
A138: D008 | B138: 内分泌学的検査 | C138: 160033210 | D138: 遊離トリヨードサイロニン（ＦＴ３） | E138: 12307621 | F138: 1355754 | H138: 遊離トリヨードサイロニン（ＦＴ３） | I138: 遊離トリヨードサイロニン（ＦＴ３） | J138: ○
A139: D012 | B139: 感染症免疫学的検査 | C139: 160169450 | D139: インフルエンザウイルス抗原定性 | E139: 11945601 | F139: 1613181 | H139: インフルエンザウイルス抗原定性 | I139: インフルエンザウイルス抗原定性 | J139: ○
A140: D008 | B140: 内分泌学的検査 | C140: 160181250 | D140: 脳性Ｎａ利尿ペプチド前駆体Ｎ端フラグメント（ＮＴ－ｐｒｏＢＮＰ） | E140: 11279863 | F140: 1327646 | G140: 〇 | H140: 脳性Ｎａ利尿ペプチド前駆体Ｎ端フラグメント（ＮＴ－ｐｒｏＢＮＰ） | I140: 脳性Ｎａ利尿ペプチド前駆体Ｎ端フラグメント（ＮＴ－ｐｒｏＢＮＰ） | J140: ○
A141: D017 | B141: 排泄物、滲出物又は分泌物の細菌顕微鏡検査 | C141: 160057710 | D141: 細菌顕微鏡検査（その他のもの） | E141: 11194135 | F141: 5287917 | H141: 細菌顕微鏡検査（その他のもの） | I141: 細菌顕微鏡検査（その他のもの） | J141: ○
A142: D013 | B142: 肝炎ウイルス関連検査 | C142: 160118510 | D142: ＨＣＶ抗体定性・定量 | E142: 9819846 | F142: 3845621 | G142: 〇 | H142: ＨＣＶ抗体定性・定量 | I142: ＨＣＶ抗体定性・定量 | J142: ○
A143: D007 | B143: 血液化学検査 | C143: 160022210 | D143: マグネシウム | E143: 9458289 | F143: 5933509 | H143: マグネシウム | I143: マグネシウム | J143: ○
A144: D223 | B144: 経皮的動脈血酸素飽和度測定 | C144: 160155510 | D144: 経皮的動脈血酸素飽和度測定（１日につき） | E144: 9050100 | F144: 40035198 | H144: 経皮的動脈血酸素飽和度測定（１日につき） | I144: 経皮的動脈血酸素飽和度測定（１日につき） | J144: ○
A145: D013 | B145: 肝炎ウイルス関連検査 | C145: 160049210 | D145: ＨＢｓ抗原 | E145: 7892990 | F145: 2963021 | G145: 〇 | H145: ＨＢｓ抗原 | I145: ＨＢｓ抗原 | J145: ○
A146: D006 | B146: 出血・凝固検査 | C146: 160114010 | D146: Ｄダイマー | E146: 7558861 | F146: 8102655 | G146: 〇 | H146: Ｄダイマー | I146: Ｄダイマー | J146: ○
A147: D215 | B147: 超音波検査 | C147: 160072510 | D147: 超音波検査（心臓超音波検査）（経胸壁心エコー法） | E147: 7468074 | F147: 3178482 | H147: 超音波検査（心臓超音波検査）（経胸壁心エコー法） | I147: 超音波検査（心臓超音波検査）（経胸壁心エコー法） | J147: ○
A148: D012 | B148: 感染症免疫学的検査 | C148: 160040910 | D148: 梅毒トレポネーマ抗体定性 | E148: 7394402 | F148: 3089777 | G148: 〇 | H148: 梅毒トレポネーマ抗体定性 | I148: 梅毒トレポネーマ抗体定性 | J148: ○
...

Sheet 作業2_検査項目のみ抽出
A1: 診療年月：2024年04月～2025年03月 D 検査 外来 ※集計結果が10未満の場合は「‐」で表示（10未満の箇所が1箇所の場合は10以上の最小値を全て「‐」で表示）※集計対象期間内に名称や点数・金額等に変更がある場合、変更後の情報で表示
A2: 診療年月：2024年04月～2025年03月 D 検査 入院 ※集計結果が10未満の場合は「‐」で表示（10未満の箇所が1箇所の場合は10以上の最小値を全て「‐」で表示）※集計対象期間内に名称や点数・金額等に変更がある場合、変更後の情報で表示
A4: 分類コード | B4: 分類名称 | C4: 診療行為コード | D4: 診療行為 | E4: 外来総計（算定回数） | F4: 入院総計（算定回数） | G4: 43+5項目 | H4: 確認用：外来診療行為コード | I4: 確認用：入院診療行為コード | J4: 不一致フラグ
A5: D000 | B5: 尿中一般物質定性半定量検査 | C5: 160000310 | D5: 尿中一般物質定性半定量検査 | E5: 69013004 | F5: =VLOOKUP(C5,入院!$C$5:$F$1463,4,0) -> 10697026 | G5: 〇 | H5: 尿中一般物質定性半定量検査 | I5: =VLOOKUP(C5,入院!$C$5:$F$1463,2,0) -> 尿中一般物質定性半定量検査 | J5: =IF(H5=I5,"○","×") -> ○
A6: D001 | B6: 尿中特殊物質定性定量検査 | C6: 160000410 | D6: 尿蛋白 | E6: 3032343 | F6: =VLOOKUP(C6,入院!$C$5:$F$1463,4,0) -> 1158657 | G6: 〇 | H6: 尿蛋白 | I6: =VLOOKUP(C6,入院!$C$5:$F$1463,2,0) -> 尿蛋白 | J6: =IF(H6=I6,"○","×") -> ○
A7: D001 | B7: 尿中特殊物質定性定量検査 | C7: 160001310 | D7: ＶＭＡ定性（尿） | E7: 1247 | F7: =VLOOKUP(C7,入院!$C$5:$F$1463,4,0) -> 548 | H7: ＶＭＡ定性（尿） | I7: =VLOOKUP(C7,入院!$C$5:$F$1463,2,0) -> ＶＭＡ定性（尿） | J7: =IF(H7=I7,"○","×") -> ○
A8: D001 | B8: 尿中特殊物質定性定量検査 | C8: 160001710 | D8: 尿グルコース | E8: 319114 | F8: =VLOOKUP(C8,入院!$C$5:$F$1463,4,0) -> 158180 | G8: 〇 | H8: 尿グルコース | I8: =VLOOKUP(C8,入院!$C$5:$F$1463,2,0) -> 尿グルコース | J8: =IF(H8=I8,"○","×") -> ○
A9: D001 | B9: 尿中特殊物質定性定量検査 | C9: 160003650 | D9: Ｒｉｍｉｎｇｔｏｎ反応 | E9: 12 | F9: =VLOOKUP(C9,入院!$C$5:$F$1463,4,0) -> - | H9: Ｒｉｍｉｎｇｔｏｎ反応 | I9: =VLOOKUP(C9,入院!$C$5:$F$1463,2,0) -> Ｒｉｍｉｎｇｔｏｎ反応 | J9: =IF(H9=I9,"○","×") -> ○
A10: D001 | B10: 尿中特殊物質定性定量検査 | C10: 160003750 | D10: Ｄｅａｎａｎｄ Ｂａｒｎｅｓ反応 | E10: - | F10: =VLOOKUP(C10,入院!$C$5:$F$1463,4,0) -> - | H10: Ｄｅａｎａｎｄ Ｂａｒｎｅｓ反応 | I10: =VLOOKUP(C10,入院!$C$5:$F$1463,2,0) -> Ｄｅａｎａｎｄ Ｂａｒｎｅｓ反応 | J10: =IF(H10=I10,"○","×") -> ○
A11: D001 | B11: 尿中特殊物質定性定量検査 | C11: 160003910 | D11: 尿浸透圧 | E11: 80419 | F11: =VLOOKUP(C11,入院!$C$5:$F$1463,4,0) -> 403244 | H11: 尿浸透圧 | I11: =VLOOKUP(C11,入院!$C$5:$F$1463,2,0) -> 尿浸透圧 | J11: =IF(H11=I11,"○","×") -> ○
A12: D001 | B12: 尿中特殊物質定性定量検査 | C12: 160004110 | D12: Ｎ－アセチルグルコサミニダーゼ（ＮＡＧ）（尿） | E12: 244672 | F12: =VLOOKUP(C12,入院!$C$5:$F$1463,4,0) -> 237733 | H12: Ｎ－アセチルグルコサミニダーゼ（ＮＡＧ）（尿） | I12: =VLOOKUP(C12,入院!$C$5:$F$1463,2,0) -> Ｎ－アセチルグルコサミニダーゼ（ＮＡＧ）（尿） | J12: =IF(H12=I12,"○","×") -> ○
A13: D001 | B13: 尿中特殊物質定性定量検査 | C13: 160004310 | D13: 黄体形成ホルモン（ＬＨ）定性（尿） | E13: 368651 | F13: =VLOOKUP(C13,入院!$C$5:$F$1463,4,0) -> 107 | H13: 黄体形成ホルモン（ＬＨ）定性（尿） | I13: =VLOOKUP(C13,入院!$C$5:$F$1463,2,0) -> 黄体形成ホルモン（ＬＨ）定性（尿） | J13: =IF(H13=I13,"○","×") -> ○
A14: D001 | B14: 尿中特殊物質定性定量検査 | C14: 160004510 | D14: フィブリン・フィブリノゲン分解産物（ＦＤＰ）（尿） | E14: 4365 | F14: =VLOOKUP(C14,入院!$C$5:$F$1463,4,0) -> 2202 | H14: フィブリン・フィブリノゲン分解産物（ＦＤＰ）（尿） | I14: =VLOOKUP(C14,入院!$C$5:$F$1463,2,0) -> フィブリン・フィブリノゲン分解産物（ＦＤＰ）（尿） | J14: =IF(H14=I14,"○","×") -> ○
A15: D001 | B15: 尿中特殊物質定性定量検査 | C15: 160004610 | D15: δアミノレブリン酸（δ－ＡＬＡ）（尿） | E15: 401 | F15: =VLOOKUP(C15,入院!$C$5:$F$1463,4,0) -> 342 | H15: δアミノレブリン酸（δ－ＡＬＡ）（尿） | I15: =VLOOKUP(C15,入院!$C$5:$F$1463,2,0) -> δアミノレブリン酸（δ－ＡＬＡ）（尿） | J15: =IF(H15=I15,"○","×") -> ○
A16: D001 | B16: 尿中特殊物質定性定量検査 | C16: 160004810 | D16: アルブミン定量（尿） | E16: 3271383 | F16: =VLOOKUP(C16,入院!$C$5:$F$1463,4,0) -> 178884 | H16: アルブミン定量（尿） | I16: =VLOOKUP(C16,入院!$C$5:$F$1463,2,0) -> アルブミン定量（尿） | J16: =IF(H16=I16,"○","×") -> ○
A17: D001 | B17: 尿中特殊物質定性定量検査 | C17: 160111710 | D17: ウロビリノゲン（尿） | E17: 2196 | F17: =VLOOKUP(C17,入院!$C$5:$F$1463,4,0) -> 349 | H17: ウロビリノゲン（尿） | I17: =VLOOKUP(C17,入院!$C$5:$F$1463,2,0) -> ウロビリノゲン（尿） | J17: =IF(H17=I17,"○","×") -> ○
A18: D001 | B18: 尿中特殊物質定性定量検査 | C18: 160111810 | D18: 先天性代謝異常症スクリーニングテスト（尿） | E18: 44 | F18: =VLOOKUP(C18,入院!$C$5:$F$1463,4,0) -> - | H18: 先天性代謝異常症スクリーニングテスト（尿） | I18: =VLOOKUP(C18,入院!$C$5:$F$1463,2,0) -> 先天性代謝異常症スクリーニングテスト（尿） | J18: =IF(H18=I18,"○","×") -> ○
A19: D001 | B19: 尿中特殊物質定性定量検査 | C19: 160112010 | D19: アルブミン定性（尿） | E19: 307675 | F19: =VLOOKUP(C19,入院!$C$5:$F$1463,4,0) -> 13374 | H19: アルブミン定性（尿） | I19: =VLOOKUP(C19,入院!$C$5:$F$1463,2,0) -> アルブミン定性（尿） | J19: =IF(H19=I19,"○","×") -> ○
A20: D001 | B20: 尿中特殊物質定性定量検査 | C20: 160112110 | D20: ポルフォビリノゲン（尿） | E20: 140 | F20: =VLOOKUP(C20,入院!$C$5:$F$1463,4,0) -> 236 | H20: ポルフォビリノゲン（尿） | I20: =VLOOKUP(C20,入院!$C$5:$F$1463,2,0) -> ポルフォビリノゲン（尿） | J20: =IF(H20=I20,"○","×") -> ○
A21: D001 | B21: 尿中特殊物質定性定量検査 | C21: 160112210 | D21: ウロポルフィリン（尿） | E21: 661 | F21: =VLOOKUP(C21,入院!$C$5:$F$1463,4,0) -> 302 | H21: ウロポルフィリン（尿） | I21: =VLOOKUP(C21,入院!$C$5:$F$1463,2,0) -> ウロポルフィリン（尿） | J21: =IF(H21=I21,"○","×") -> ○
A22: D001 | B22: 尿中特殊物質定性定量検査 | C22: 160112310 | D22: コプロポルフィリン（尿） | E22: 363 | F22: =VLOOKUP(C22,入院!$C$5:$F$1463,4,0) -> 183 | H22: コプロポルフィリン（尿） | I22: =VLOOKUP(C22,入院!$C$5:$F$1463,2,0) -> コプロポルフィリン（尿） | J22: =IF(H22=I22,"○","×") -> ○
A23: D001 | B23: 尿中特殊物質定性定量検査 | C23: 160134350 | D23: ポリアミン（尿） | E23: - | F23: =VLOOKUP(C23,入院!$C$5:$F$1463,4,0) -> 12 | H23: ポリアミン（尿） | I23: =VLOOKUP(C23,入院!$C$5:$F$1463,2,0) -> ポリアミン（尿） | J23: =IF(H23=I23,"○","×") -> ○
A24: D001 | B24: 尿中特殊物質定性定量検査 | C24: 160156710 | D24: ポルフィリン症スクリーニングテスト（尿） | E24: - | F24: =VLOOKUP(C24,入院!$C$5:$F$1463,4,0) -> - | H24: ポルフィリン症スクリーニングテスト（尿） | I24: =VLOOKUP(C24,入院!$C$5:$F$1463,2,0) -> ポルフィリン症スクリーニングテスト（尿） | J24: =IF(H24=I24,"○","×") -> ○
A25: D001 | B25: 尿中特殊物質定性定量検査 | C25: 160157750 | D25: トランスフェリン（尿） | E25: 5099 | F25: =VLOOKUP(C25,入院!$C$5:$F$1463,4,0) -> 9030 | H25: トランスフェリン（尿） | I25: =VLOOKUP(C25,入院!$C$5:$F$1463,2,0) -> トランスフェリン（尿） | J25: =IF(H25=I25,"○","×") -> ○
A26: D001 | B26: 尿中特殊物質定性定量検査 | C26: 160169250 | D26: ４型コラーゲン（尿） | E26: 2516 | F26: =VLOOKUP(C26,入院!$C$5:$F$1463,4,0) -> 385 | H26: ４型コラーゲン（尿） | I26: =VLOOKUP(C26,入院!$C$5:$F$1463,2,0) -> ４型コラーゲン（尿） | J26: =IF(H26=I26,"○","×") -> ○
A27: D001 | B27: 尿中特殊物質定性定量検査 | C27: 160176350 | D27: クレアチニン試験紙法（尿）（蛋白／クレアチニン比） | E27: 315581 | F27: =VLOOKUP(C27,入院!$C$5:$F$1463,4,0) -> 82372 | G27: 〇 | H27: クレアチニン試験紙法（尿）（蛋白／クレアチニン比） | I27: =VLOOKUP(C27,入院!$C$5:$F$1463,2,0) -> クレアチニン試験紙法（尿）（蛋白／クレアチニン比） | J27: =IF(H27=I27,"○","×") -> ○
A28: D001 | B28: 尿中特殊物質定性定量検査 | C28: 160189250 | D28: Ｌ型脂肪酸結合蛋白（Ｌ－ＦＡＢＰ）（尿） | E28: 88871 | F28: =VLOOKUP(C28,入院!$C$5:$F$1463,4,0) -> 22267 | H28: Ｌ型脂肪酸結合蛋白（Ｌ－ＦＡＢＰ）（尿） | I28: =VLOOKUP(C28,入院!$C$5:$F$1463,2,0) -> Ｌ型脂肪酸結合蛋白（Ｌ－ＦＡＢＰ）（尿） | J28: =IF(H28=I28,"○","×") -> ○
A29: D001 | B29: 尿中特殊物質定性定量検査 | C29: 160189950 | D29: 総ヨウ素（尿） | E29: 256 | F29: =VLOOKUP(C29,入院!$C$5:$F$1463,4,0) -> 320 | H29: 総ヨウ素（尿） | I29: =VLOOKUP(C29,入院!$C$5:$F$1463,2,0) -> 総ヨウ素（尿） | J29: =IF(H29=I29,"○","×") -> ○
A30: D001 | B30: 尿中特殊物質定性定量検査 | C30: 160209650 | D30: 好中球ゼラチナーゼ結合性リポカリン（ＮＧＡＬ）（尿） | E30: 1879 | F30: =VLOOKUP(C30,入院!$C$5:$F$1463,4,0) -> 30238 | H30: 好中球ゼラチナーゼ結合性リポカリン（ＮＧＡＬ）（尿） | I30: =VLOOKUP(C30,入院!$C$5:$F$1463,2,0) -> 好中球ゼラチナーゼ結合性リポカリン（ＮＧＡＬ）（尿） | J30: =IF(H30=I30,"○","×") -> ○
A31: D001 | B31: 尿中特殊物質定性定量検査 | C31: 160210610 | D31: シュウ酸（尿） | E31: 130 | F31: =VLOOKUP(C31,入院!$C$5:$F$1463,4,0) -> 264 | H31: シュウ酸（尿） | I31: =VLOOKUP(C31,入院!$C$5:$F$1463,2,0) -> シュウ酸（尿） | J31: =IF(H31=I31,"○","×") -> ○
A32: D001 | B32: 尿中特殊物質定性定量検査 | C32: 160224650 | D32: トリプシノーゲン２（尿） | E32: 1216 | F32: =VLOOKUP(C32,入院!$C$5:$F$1463,4,0) -> 2852 | H32: トリプシノーゲン２（尿） | I32: =VLOOKUP(C32,入院!$C$5:$F$1463,2,0) -> トリプシノーゲン２（尿） | J32: =IF(H32=I32,"○","×") -> ○
A33: D001 | B33: 尿中特殊物質定性定量検査 | C33: 160237350 | D33: プロスタグランジンＥ主要代謝物（尿） | E33: 956 | F33: =VLOOKUP(C33,入院!$C$5:$F$1463,4,0) -> 304 | H33: プロスタグランジンＥ主要代謝物（尿） | I33: =VLOOKUP(C33,入院!$C$5:$F$1463,2,0) -> プロスタグランジンＥ主要代謝物（尿） | J33: =IF(H33=I33,"○","×") -> ○
A34: D002 | B34: 尿沈渣（鏡検法） | C34: 160005010 | D34: 尿沈渣（鏡検法） | E34: 18290110 | F34: =VLOOKUP(C34,入院!$C$5:$F$1463,4,0) -> 4369238 | H34: 尿沈渣（鏡検法） | I34: =VLOOKUP(C34,入院!$C$5:$F$1463,2,0) -> 尿沈渣（鏡検法） | J34: =IF(H34=I34,"○","×") -> ○
A35: D002-2 | B35: 尿沈渣（フローサイトメトリー法） | C35: 160159550 | D35: 尿沈渣（フローサイトメトリー法） | E35: 3669858 | F35: =VLOOKUP(C35,入院!$C$5:$F$1463,4,0) -> 2126755 | H35: 尿沈渣（フローサイトメトリー法） | I35: =VLOOKUP(C35,入院!$C$5:$F$1463,2,0) -> 尿沈渣（フローサイトメトリー法） | J35: =IF(H35=I35,"○","×") -> ○
A36: D003 | B36: 糞便検査 | C36: 160005510 | D36: 糞便塗抹顕微鏡検査（虫卵、脂肪及び消化状況観察を含む。） | E36: 7848 | F36: =VLOOKUP(C36,入院!$C$5:$F$1463,4,0) -> 8548 | H36: 糞便塗抹顕微鏡検査（虫卵、脂肪及び消化状況観察を含む。） | I36: =VLOOKUP(C36,入院!$C$5:$F$1463,2,0) -> 糞便塗抹顕微鏡検査（虫卵、脂肪及び消化状況観察を含む。） | J36: =IF(H36=I36,"○","×") -> ○
A37: D003 | B37: 糞便検査 | C37: 160005710 | D37: 虫卵検出（集卵法）（糞便） | E37: 2917 | F37: =VLOOKUP(C37,入院!$C$5:$F$1463,4,0) -> 3138 | H37: 虫卵検出（集卵法）（糞便） | I37: =VLOOKUP(C37,入院!$C$5:$F$1463,2,0) -> 虫卵検出（集卵法）（糞便） | J37: =IF(H37=I37,"○","×") -> ○
A38: D003 | B38: 糞便検査 | C38: 160006310 | D38: 糞便中脂質 | E38: 78 | F38: =VLOOKUP(C38,入院!$C$5:$F$1463,4,0) -> 125 | H38: 糞便中脂質 | I38: =VLOOKUP(C38,入院!$C$5:$F$1463,2,0) -> 糞便中脂質 | J38: =IF(H38=I38,"○","×") -> ○
A39: D003 | B39: 糞便検査 | C39: 160006410 | D39: 虫体検出（糞便） | E39: 1494 | F39: =VLOOKUP(C39,入院!$C$5:$F$1463,4,0) -> 1156 | H39: 虫体検出（糞便） | I39: =VLOOKUP(C39,入院!$C$5:$F$1463,2,0) -> 虫体検出（糞便） | J39: =IF(H39=I39,"○","×") -> ○
... A42: D003 | B42: 糞便検査 | C42: 160006810 | D42: 糞便中ヘモグロビン | E42: 429405 | F42: =VLOOKUP(C42,入院!$C$5:$F$1463,4,0) -> 181428 | H42: 糞便中ヘモグロビン | I42: =VLOOKUP(C42,入院!$C$5:$F$1463,2,0) -> 糞便中ヘモグロビン | J42: =IF(H42=I42,"○","×") -> ○
A43: D003 | B43: 糞便検査 | C43: 160112610 | D43: ウロビリン（糞便） | E43: - | F43: =VLOOKUP(C43,入院!$C$5:$F$1463,4,0) -> - | H43: ウロビリン（糞便） | I43: =VLOOKUP(C43,入院!$C$5:$F$1463,2,0) -> ウロビリン（糞便） | J43: =IF(H43=I43,"○","×") -> ○
A44: D003 | B44: 糞便検査 | C44: 160113110 | D44: 糞便中ヘモグロビン及びトランスフェリン定性・定量 | E44: 112030 | F44: =VLOOKUP(C44,入院!$C$5:$F$1463,4,0) -> 67441 | H44: 糞便中ヘモグロビン及びトランスフェリン定性・定量 | I44: =VLOOKUP(C44,入院!$C$5:$F$1463,2,0) -> 糞便中ヘモグロビン及びトランスフェリン定性・定量 | J44: =IF(H44=I44,"○","×") -> ○
A45: D003 | B45: 糞便検査 | C45: 160210050 | D45: カルプロテクチン（糞便） | E45: 72831 | F45: =VLOOKUP(C45,入院!$C$5:$F$1463,4,0) -> 5247 | H45: カルプロテクチン（糞便） | I45: =VLOOKUP(C45,入院!$C$5:$F$1463,2,0) -> カルプロテクチン（糞便） | J45: =IF(H45=I45,"○","×") -> ○
A46: D004 | B46: 穿刺液・採取液検査 | C46: 160058050 | D46: ヒューナー検査 | E46: 51789 | F46: =VLOOKUP(C46,入院!$C$5:$F$1463,4,0) -> - | H46: ヒューナー検査 | I46: =VLOOKUP(C46,入院!$C$5:$F$1463,2,0) -> ヒューナー検査 | J46: =IF(H46=I46,"○","×") -> ○
A47: D004 | B47: 穿刺液・採取液検査 | C47: 160060910 | D47: 精液一般検査 | E47: 218616 | F47: =VLOOKUP(C47,入院!$C$5:$F$1463,4,0) -> 94 | H47: 精液一般検査 | I47: =VLOOKUP(C47,入院!$C$5:$F$1463,2,0) -> 精液一般検査 | J47: =IF(H47=I47,"○","×") -> ○
A48: D004 | B48: 穿刺液・採取液検査 | C48: 160061010 | D48: 胃液又は十二指腸液一般検査 | E48: 342 | F48: =VLOOKUP(C48,入院!$C$5:$F$1463,4,0) -> 2278 | H48: 胃液又は十二指腸液一般検査 | I48: =VLOOKUP(C48,入院!$C$5:$F$1463,2,0) -> 胃液又は十二指腸液一般検査 | J48: =IF(H48=I48,"○","×") -> ○
A49: D004 | B49: 穿刺液・採取液検査 | C49: 160061110 | D49: 髄液一般検査 | E49: 29292 | F49: =VLOOKUP(C49,入院!$C$5:$F$1463,4,0) -> 195848 | H49: 髄液一般検査 | I49: =VLOOKUP(C49,入院!$C$5:$F$1463,2,0) -> 髄液一般検査 | J49: =IF(H49=I49,"○","×") -> ○
A50: D004 | B50: 穿刺液・採取液検査 | C50: 160061210 | D50: 頸管粘液一般検査 | E50: 384821 | F50: =VLOOKUP(C50,入院!$C$5:$F$1463,4,0) -> 240 | H50: 頸管粘液一般検査 | I50: =VLOOKUP(C50,入院!$C$5:$F$1463,2,0) -> 頸管粘液一般検査 | J50: =IF(H50=I50,"○","×") -> ○
A51: D004 | B51: 穿刺液・採取液検査 | C51: 160163150 | D51: 顆粒球エラスターゼ（子宮頸管粘液） | E51: 5578 | F51: =VLOOKUP(C51,入院!$C$5:$F$1463,4,0) -> 8236 | H51: 顆粒球エラスターゼ（子宮頸管粘液） | I51: =VLOOKUP(C51,入院!$C$5:$F$1463,2,0) -> 顆粒球エラスターゼ（子宮頸管粘液） | J51: =IF(H51=I51,"○","×") -> ○
A52: D004 | B52: 穿刺液・採取液検査 | C52: 160167150 | D52: 顆粒球エラスターゼ定性（子宮頸管粘液） | E52: 5534 | F52: =VLOOKUP(C52,入院!$C$5:$F$1463,4,0) -> 3781 | H52: 顆粒球エラスターゼ定性（子宮頸管粘液） | I52: =VLOOKUP(C52,入院!$C$5:$F$1463,2,0) -> 顆粒球エラスターゼ定性（子宮頸管粘液） | J52: =IF(H52=I52,"○","×") -> ○
A53: D004 | B53: 穿刺液・採取液検査 | C53: 160177810 | D53: ＩｇＧインデックス | E53: 3535 | F53: =VLOOKUP(C53,入院!$C$5:$F$1463,4,0) -> 20766 | H53: ＩｇＧインデックス | I53: =VLOOKUP(C53,入院!$C$5:$F$1463,2,0) -> ＩｇＧインデックス | J53: =IF(H53=I53,"○","×") -> ○
A54: D004 | B54: 穿刺液・採取液検査 | C54: 160177910 | D54: ミエリン塩基性蛋白（ＭＢＰ）（髄液） | E54: 1868 | F54: =VLOOKUP(C54,入院!$C$5:$F$1463,4,0) -> 13064 | H54: ミエリン塩基性蛋白（ＭＢＰ）（髄液） | I54: =VLOOKUP(C54,入院!$C$5:$F$1463,2,0) -> ミエリン塩基性蛋白（ＭＢＰ）（髄液） | J54: =IF(H54=I54,"○","×") -> ○
A55: D004 | B55: 穿刺液・採取液検査 | C55: 160178010 | D55: オリゴクローナルバンド | E55: 3955 | F55: =VLOOKUP(C55,入院!$C$5:$F$1463,4,0) -> 24822 | H55: オリゴクローナルバンド | I55: =VLOOKUP(C55,入院!$C$5:$F$1463,2,0) -> オリゴクローナルバンド | J55: =IF(H55=I55,"○","×") -> ○
A56: D004 | B56: 穿刺液・採取液検査 | C56: 160182110 | D56: マイクロバブルテスト | E56: - | F56: =VLOOKUP(C56,入院!$C$5:$F$1463,4,0) -> 1105 | H56: マイクロバブルテスト | I56: =VLOOKUP(C56,入院!$C$5:$F$1463,2,0) -> マイクロバブルテスト | J56: =IF(H56=I56,"○","×") -> ○
A57: D004 | B57: 穿刺液・採取液検査 | C57: 160184150 | D57: ＩｇＥ定性（涙液） | E57: 46000 | F57: =VLOOKUP(C57,入院!$C$5:$F$1463,4,0) -> 18 | H57: ＩｇＥ定性（涙液） | I57: =VLOOKUP(C57,入院!$C$5:$F$1463,2,0) -> ＩｇＥ定性（涙液） | J57: =IF(H57=I57,"○","×") -> ○
A58: D004 | B58: 穿刺液・採取液検査 | C58: 160190610 | D58: リン酸化タウ蛋白（髄液） | E58: 469 | F58: =VLOOKUP(C58,入院!$C$5:$F$1463,4,0) -> 3124 | H58: リン酸化タウ蛋白（髄液） | I58: =VLOOKUP(C58,入院!$C$5:$F$1463,2,0) -> リン酸化タウ蛋白（髄液） | J58: =IF(H58=I58,"○","×") -> ○
A59: D004 | B59: 穿刺液・採取液検査 | C59: 160190710 | D59: タウ蛋白（髄液） | E59: 405 | F59: =VLOOKUP(C59,入院!$C$5:$F$1463,4,0) -> 1066 | H59: タウ蛋白（髄液） | I59: =VLOOKUP(C59,入院!$C$5:$F$1463,2,0) -> タウ蛋白（髄液） | J59: =IF(H59=I59,"○","×") -> ○
A60: D004 | B60: 穿刺液・採取液検査 | C60: 160230710 | D60: 関節液検査 | E60: 56475 | F60: =VLOOKUP(C60,入院!$C$5:$F$1463,4,0) -> 17477 | H60: 関節液検査 | I60: =VLOOKUP(C60,入院!$C$5:$F$1463,2,0) -> 関節液検査 | J60: =IF(H60=I60,"○","×") -> ○
A61: D004 | B61: 穿刺液・採取液検査 | C61: 160237150 | D61: アミロイドβ４２／４０比（髄液） | E61: 3245 | F61: =VLOOKUP(C61,入院!$C$5:$F$1463,4,0) -> 2720 | H61: アミロイドβ４２／４０比（髄液） | I61: =VLOOKUP(C61,入院!$C$5:$F$1463,2,0) -> アミロイドβ４２／４０比（髄液） | J61: =IF(H61=I61,"○","×") -> ○
A62: D004-2 | B62: 悪性腫瘍組織検査 | C62: 160182210 | D62: 抗悪性腫瘍剤感受性検査 | E62: 105 | F62: =VLOOKUP(C62,入院!$C$5:$F$1463,4,0) -> 45 | H62: 抗悪性腫瘍剤感受性検査 | I62: =VLOOKUP(C62,入院!$C$5:$F$1463,2,0) -> 抗悪性腫瘍剤感受性検査 | J62: =IF(H62=I62,"○","×") -> ○
A63: D004-2 | B63: 悪性腫瘍組織検査 | C63: 160220610 | D63: 悪性腫瘍組織検査（処理が容易なもの）（医薬品の適応判定の補助等に用いるもの）（肺癌におけるＥＧＦＲ遺伝子検査） | E63: 26208 | F63: =VLOOKUP(C63,入院!$C$5:$F$1463,4,0) -> 6214 | H63: 悪性腫瘍組織検査（処理が容易なもの）（医薬品の適応判定の補助等に用いるもの）（肺癌におけるＥＧＦＲ遺伝子検査） | I63: =VLOOKUP(C63,入院!$C$5:$F$1463,2,0) -> 悪性腫瘍組織検査（処理が容易なもの）（医薬品の適応判定の補助等に用いるもの）（肺癌におけるＥＧＦＲ遺伝子検査） | J63: =IF(H63=I63,"○","×") -> ○
A64: D004-2 | B64: 悪性腫瘍組織検査 | C64: 160220710 | D64: 悪性腫瘍組織検査（処理が容易なもの）（医薬品の適応判定の補助等に用いるもの）（肺癌におけるＲＯＳ１融合遺伝子検査） | E64: 22865 | F64: =VLOOKUP(C64,入院!$C$5:$F$1463,4,0) -> 4496 | H64: 悪性腫瘍組織検査（処理が容易なもの）（医薬品の適応判定の補助等に用いるもの）（肺癌におけるＲＯＳ１融合遺伝子検査） | I64: =VLOOKUP(C64,入院!$C$5:$F$1463,2,0) -> 悪性腫瘍組織検査（処理が容易なもの）（医薬品の適応判定の補助等に用いるもの）（肺癌におけるＲＯＳ１融合遺伝子検査） | J64: =IF(H64=I64,"○","×") -> ○
A65: D004-2 | B65: 悪性腫瘍組織検査 | C65: 160220810 | D65: 悪性腫瘍組織検査（処理が容易なもの）（医薬品の適応判定の補助等に用いるもの）（肺癌におけるＡＬＫ融合遺伝子検査） | E65: 23088 | F65: =VLOOKUP(C65,入院!$C$5:$F$1463,4,0) -> 4565 | H65: 悪性腫瘍組織検査（処理が容易なもの）（医薬品の適応判定の補助等に用いるもの）（肺癌におけるＡＬＫ融合遺伝子検査） | I65: =VLOOKUP(C65,入院!$C$5:$F$1463,2,0) -> 悪性腫瘍組織検査（処理が容易なもの）（医薬品の適応判定の補助等に用いるもの）（肺癌におけるＡＬＫ融合遺伝子検査） | J65: =IF(H65=I65,"○","×") -> ○
A66: D004-2 | B66: 悪性腫瘍組織検査 | C66: 160220910 | D66: 悪性腫瘍組織検査（処理が容易なもの）（医薬品の適応判定の補助等に用いるもの）（大腸癌におけるＲＡＳ遺伝子検査） | E66: 34159 | F66: =VLOOKUP(C66,入院!$C$5:$F$1463,4,0) -> 18899 | H66: 悪性腫瘍組織検査（処理が容易なもの）（医薬品の適応判定の補助等に用いるもの）（大腸癌におけるＲＡＳ遺伝子検査） | I66: =VLOOKUP(C66,入院!$C$5:$F$1463,2,0) -> 悪性腫瘍組織検査（処理が容易なもの）（医薬品の適応判定の補助等に用いるもの）（大腸癌におけるＲＡＳ遺伝子検査） | J66: =IF(H66=I66,"○","×") -> ○
A67: D004-2 | B67: 悪性腫瘍組織検査 | C67: 160221010 | D67: 悪性腫瘍組織検査（処理が容易なもの）（医薬品の適応判定の補助等に用いるもの）（大腸癌におけるＢＲＡＦ遺伝子検査） | E67: 33491 | F67: =VLOOKUP(C67,入院!$C$5:$F$1463,4,0) -> 17520 | H67: 悪性腫瘍組織検査（処理が容易なもの）（医薬品の適応判定の補助等に用いるもの）（大腸癌におけるＢＲＡＦ遺伝子検査） | I67: =VLOOKUP(C67,入院!$C$5:$F$1463,2,0) -> 悪性腫瘍組織検査（処理が容易なもの）（医薬品の適応判定の補助等に用いるもの）（大腸癌におけるＢＲＡＦ遺伝子検査） | J67: =IF(H67=I67,"○","×") -> ○
A68: D004-2 | B68: 悪性腫瘍組織検査 | C68: 160221110 | D68: 悪性腫瘍組織検査（処理が容易なもの）（医薬品の適応判定の補助等に用いるもの）（乳癌におけるＨＥＲ２遺伝子検査） | E68: 905 | F68: =VLOOKUP(C68,入院!$C$5:$F$1463,4,0) -> 544 | H68: 悪性腫瘍組織検査（処理が容易なもの）（医薬品の適応判定の補助等に用いるもの）（乳癌におけるＨＥＲ２遺伝子検査） | I68: =VLOOKUP(C68,入院!$C$5:$F$1463,2,0) -> 悪性腫瘍組織検査（処理が容易なもの）（医薬品の適応判定の補助等に用いるもの）（乳癌におけるＨＥＲ２遺伝子検査） | J68: =IF(H68=I68,"○","×") -> ○
... A74: D004-2 | B74: 悪性腫瘍組織検査 | C74: 160221810 | D74: 悪性腫瘍組織検査（処理が容易なもの）（その他のもの）（消化管間葉系腫瘍におけるｃ－ｋｉｔ遺伝子検査） | E74: 205 | F74: =VLOOKUP(C74,入院!$C$5:$F$1463,4,0) -> 109 | H74: 悪性腫瘍組織検査（処理が容易なもの）（その他のもの）（消化管間葉系腫瘍におけるｃ－ｋｉｔ遺伝子検査） | I74: =VLOOKUP(C74,入院!$C$5:$F$1463,2,0) -> 悪性腫瘍組織検査（処理が容易なもの）（その他のもの）（消化管間葉系腫瘍におけるｃ－ｋｉｔ遺伝子検査） | J74: =IF(H74=I74,"○","×") -> ○
A75: D004-2 | B75: 悪性腫瘍組織検査 | C75: 160221910 | D75: 悪性腫瘍組織検査（処理が容易なもの）（その他のもの）（悪性黒色腫におけるセンチネルリンパ節生検に係る遺伝子検査） | E75: - | F75: =VLOOKUP(C75,入院!$C$5:$F$1463,4,0) -> - | H75: 悪性腫瘍組織検査（処理が容易なもの）（その他のもの）（悪性黒色腫におけるセンチネルリンパ節生検に係る遺伝子検査） | I75: =VLOOKUP(C75,入院!$C$5:$F$1463,2,0) -> 悪性腫瘍組織検査（処理が容易なもの）（その他のもの）（悪性黒色腫におけるセンチネルリンパ節生検に係る遺伝子検査） | J75: =IF(H75=I75,"○","×") -> ○
A76: D004-2 | B76: 悪性腫瘍組織検査 | C76: 160222010 | D76: 悪性腫瘍組織検査（処理が容易なもの）（その他のもの）（大腸癌におけるＥＧＦＲ遺伝子検査） | E76: 118 | F76: =VLOOKUP(C76,入院!$C$5:$F$1463,4,0) -> 122 | H76: 悪性腫瘍組織検査（処理が容易なもの）（その他のもの）（大腸癌におけるＥＧＦＲ遺伝子検査） | I76: =VLOOKUP(C76,入院!$C$5:$F$1463,2,0) -> 悪性腫瘍組織検査（処理が容易なもの）（その他のもの）（大腸癌におけるＥＧＦＲ遺伝子検査） | J76: =IF(H76=I76,"○","×") -> ○
A77: D004-2 | B77: 悪性腫瘍組織検査 | C77: 160222110 | D77: 悪性腫瘍組織検査（処理が容易なもの）（その他のもの）（大腸癌におけるＫＲＡＳ遺伝子検査） | E77: 520 | F77: =VLOOKUP(C77,入院!$C$5:$F$1463,4,0) -> 767 | H77: 悪性腫瘍組織検査（処理が容易なもの）（その他のもの）（大腸癌におけるＫＲＡＳ遺伝子検査） | I77: =VLOOKUP(C77,入院!$C$5:$F$1463,2,0) -> 悪性腫瘍組織検査（処理が容易なもの）（その他のもの）（大腸癌におけるＫＲＡＳ遺伝子検査） | J77: =IF(H77=I77,"○","×") -> ○
A78: D004-2 | B78: 悪性腫瘍組織検査 | C78: 160222210 | D78: 悪性腫瘍組織検査（処理が容易なもの）（その他のもの）（リンチ症候群におけるマイクロサテライト不安定性検査） | E78: 1191 | F78: =VLOOKUP(C78,入院!$C$5:$F$1463,4,0) -> 1099 | H78: 悪性腫瘍組織検査（処理が容易なもの）（その他のもの）（リンチ症候群におけるマイクロサテライト不安定性検査） | I78: =VLOOKUP(C78,入院!$C$5:$F$1463,2,0) -> 悪性腫瘍組織検査（処理が容易なもの）（その他のもの）（リンチ症候群におけるマイクロサテライト不安定性検査） | J78: =IF(H78=I78,"○","×") -> ○
A79: D004-2 | B79: 悪性腫瘍組織検査 | C79: 160222310 | D79: 悪性腫瘍組織検査（処理が複雑なもの）（肺癌におけるＢＲＡＦ遺伝子検査（次世代シーケンシング）） | E79: 22486 | F79: =VLOOKUP(C79,入院!$C$5:$F$1463,4,0) -> 3926 | H79: 悪性腫瘍組織検査（処理が複雑なもの）（肺癌におけるＢＲＡＦ遺伝子検査（次世代シーケンシング）） | I79: =VLOOKUP(C79,入院!$C$5:$F$1463,2,0) -> 悪性腫瘍組織検査（処理が複雑なもの）（肺癌におけるＢＲＡＦ遺伝子検査（次世代シーケンシング）） | J79: =IF(H79=I79,"○","×") -> ○
A80: D004-2 | B80: 悪性腫瘍組織検査 | C80: 160222410 | D80: 悪性腫瘍組織検査（処理が複雑なもの）（悪性黒色腫におけるＢＲＡＦ遺伝子検査（リアルタイムＰＣＲ法）） | E80: 929 | F80: =VLOOKUP(C80,入院!$C$5:$F$1463,4,0) -> 358 | H80: 悪性腫瘍組織検査（処理が複雑なもの）（悪性黒色腫におけるＢＲＡＦ遺伝子検査（リアルタイムＰＣＲ法）） | I80: =VLOOKUP(C80,入院!$C$5:$F$1463,2,0) -> 悪性腫瘍組織検査（処理が複雑なもの）（悪性黒色腫におけるＢＲＡＦ遺伝子検査（リアルタイムＰＣＲ法）） | J80: =IF(H80=I80,"○","×") -> ○
A81: D004-2 | B81: 悪性腫瘍組織検査 | C81: 160222510 | D81: 悪性腫瘍組織検査（処理が複雑なもの）（固形癌におけるＮＴＲＫ融合遺伝子検査） | E81: 126 | F81: =VLOOKUP(C81,入院!$C$5:$F$1463,4,0) -> 12 | H81: 悪性腫瘍組織検査（処理が複雑なもの）（固形癌におけるＮＴＲＫ融合遺伝子検査） | I81: =VLOOKUP(C81,入院!$C$5:$F$1463,2,0) -> 悪性腫瘍組織検査（処理が複雑なもの）（固形癌におけるＮＴＲＫ融合遺伝子検査） | J81: =IF(H81=I81,"○","×") -> ○
A82: D004-2 | B82: 悪性腫瘍組織検査 | C82: 160223650 | D82: 悪性腫瘍組織検査（処理が複雑なもの）（肺癌におけるＭＥＴｅｘ１４遺伝子検査（次世代シーケンシング）） | E82: 7981 | F82: =VLOOKUP(C82,入院!$C$5:$F$1463,4,0) -> 1966 | H82: 悪性腫瘍組織検査（処理が複雑なもの）（肺癌におけるＭＥＴｅｘ１４遺伝子検査（次世代シーケンシング）） | I82: =VLOOKUP(C82,入院!$C$5:$F$1463,2,0) -> 悪性腫瘍組織検査（処理が複雑なもの）（肺癌におけるＭＥＴｅｘ１４遺伝子検査（次世代シーケンシング）） | J82: =IF(H82=I82,"○","×") -> ○
A83: D004-2 | B83: 悪性腫瘍組織検査 | C83: 160225050 | D83: 悪性腫瘍組織検査（処理容易）（医薬品適応判定補助等）リンチ症候群のマイクロサテライト不安定性検査（体外診断用医薬品を用いる場合） | E83: 3488 | F83: =VLOOKUP(C83,入院!$C$5:$F$1463,4,0) -> 1588 | H83: 悪性腫瘍組織検査（処理容易）（医薬品適応判定補助等）リンチ症候群のマイクロサテライト不安定性検査（体外診断用医薬品を用いる場合） | I83: =VLOOKUP(C83,入院!$C$5:$F$1463,2,0) -> 悪性腫瘍組織検査（処理容易）（医薬品適応判定補助等）リンチ症候群のマイクロサテライト不安定性検査（体外診断用医薬品を用いる場合） | J83: =IF(H83=I83,"○","×") -> ○
A84: D004-2 | B84: 悪性腫瘍組織検査 | C84: 160226950 | D84: 悪性腫瘍組織検査（処理が複雑なもの）（胆道癌におけるＦＧＦＲ２融合遺伝子検査） | E84: 41 | F84: =VLOOKUP(C84,入院!$C$5:$F$1463,4,0) -> - | H84: 悪性腫瘍組織検査（処理が複雑なもの）（胆道癌におけるＦＧＦＲ２融合遺伝子検査） | I84: =VLOOKUP(C84,入院!$C$5:$F$1463,2,0) -> 悪性腫瘍組織検査（処理が複雑なもの）（胆道癌におけるＦＧＦＲ２融合遺伝子検査） | J84: =IF(H84=I84,"○","×") -> ○
A85: D004-2 | B85: 悪性腫瘍組織検査 | C85: 160228450 | D85: 悪性腫瘍組織検査（処理が容易なもの）（医薬品の適応判定の補助等に用いるもの）（固形癌におけるマイクロサテライト不安定性検査） | E85: 34940 | F85: =VLOOKUP(C85,入院!$C$5:$F$1463,4,0) -> 14761 | H85: 悪性腫瘍組織検査（処理が容易なもの）（医薬品の適応判定の補助等に用いるもの）（固形癌におけるマイクロサテライト不安定性検査） | I85: =VLOOKUP(C85,入院!$C$5:$F$1463,2,0) -> 悪性腫瘍組織検査（処理が容易なもの）（医薬品の適応判定の補助等に用いるもの）（固形癌におけるマイクロサテライト不安定性検査） | J85: =IF(H85=I85,"○","×") -> ○
A86: D004-2 | B86: 悪性腫瘍組織検査 | C86: 160228550 | D86: 悪性腫瘍組織検査（処理が容易なもの）（医薬品の適応判定の補助等に用いるもの）（濾胞性リンパ腫におけるＥＺＨ２遺伝子検査） | E86: 444 | F86: =VLOOKUP(C86,入院!$C$5:$F$1463,4,0) -> 179 | H86: 悪性腫瘍組織検査（処理が容易なもの）（医薬品の適応判定の補助等に用いるもの）（濾胞性リンパ腫におけるＥＺＨ２遺伝子検査） | I86: =VLOOKUP(C86,入院!$C$5:$F$1463,2,0) -> 悪性腫瘍組織検査（処理が容易なもの）（医薬品の適応判定の補助等に用いるもの）（濾胞性リンパ腫におけるＥＺＨ２遺伝子検査） | J86: =IF(H86=I86,"○","×") -> ○
A87: D004-2 | B87: 悪性腫瘍組織検査 | C87: 160229350 | D87: 悪性腫瘍組織検査（処理が複雑なもの）（肺癌におけるＲＥＴ融合遺伝子検査） | E87: 21865 | F87: =VLOOKUP(C87,入院!$C$5:$F$1463,4,0) -> 3806 | H87: 悪性腫瘍組織検査（処理が複雑なもの）（肺癌におけるＲＥＴ融合遺伝子検査） | I87: =VLOOKUP(C87,入院!$C$5:$F$1463,2,0) -> 悪性腫瘍組織検査（処理が複雑なもの）（肺癌におけるＲＥＴ融合遺伝子検査） | J87: =IF(H87=I87,"○","×") -> ○
... A103: D005 | B103: 血液形態・機能検査 | C103: 160007910 | D103: 網赤血球数 | E103: 1898144 | F103: =VLOOKUP(C103,入院!$C$5:$F$1463,4,0) -> 2577832 | H103: 網赤血球数 | I103: =VLOOKUP(C103,入院!$C$5:$F$1463,2,0) -> 網赤血球数 | J103: =IF(H103=I103,"○","×") -> ○
A104: D005 | B104: 血液形態・機能検査 | C104: 160008010 | D104: 末梢血液一般検査 | E104: 109406876 | F104: =VLOOKUP(C104,入院!$C$5:$F$1463,4,0) -> 47379426 | G104: 〇 | H104: 末梢血液一般検査 | I104: =VLOOKUP(C104,入院!$C$5:$F$1463,2,0) -> 末梢血液一般検査 | J104: =IF(H104=I104,"○","×") -> ○
A105: D005 | B105: 血液形態・機能検査 | C105: 160008110 | D105: 血液浸透圧 | E105: 116899 | F105: =VLOOKUP(C105,入院!$C$5:$F$1463,4,0) -> 565784 | H105: 血液浸透圧 | I105: =VLOOKUP(C105,入院!$C$5:$F$1463,2,0) -> 血液浸透圧 | J105: =IF(H105=I105,"○","×") -> ○
A106: D005 | B106: 血液形態・機能検査 | C106: 160008210 | D106: 末梢血液像（鏡検法） | E106: 2508646 | F106: =VLOOKUP(C106,入院!$C$5:$F$1463,4,0) -> 4104058 | H106: 末梢血液像（鏡検法） | I106: =VLOOKUP(C106,入院!$C$5:$F$1463,2,0) -> 末梢血液像（鏡検法） | J106: =IF(H106=I106,"○","×") -> ○
A107: D005 | B107: 血液形態・機能検査 | C107: 160009310 | D107: 血中微生物検査 | E107: 490 | F107: =VLOOKUP(C107,入院!$C$5:$F$1463,4,0) -> 564 | H107: 血中微生物検査 | I107: =VLOOKUP(C107,入院!$C$5:$F$1463,2,0) -> 血中微生物検査 | J107: =IF(H107=I107,"○","×") -> ○
A108: D005 | B108: 血液形態・機能検査 | C108: 160009410 | D108: 自己溶血試験 | E108: - | F108: =VLOOKUP(C108,入院!$C$5:$F$1463,4,0) -> 80 | H108: 自己溶血試験 | I108: =VLOOKUP(C108,入院!$C$5:$F$1463,2,0) -> 自己溶血試験 | J108: =IF(H108=I108,"○","×") -> ○
A109: D005 | B109: 血液形態・機能検査 | C109: 160009510 | D109: 血液粘稠度 | E109: 138 | F109: =VLOOKUP(C109,入院!$C$5:$F$1463,4,0) -> 802 | H109: 血液粘稠度 | I109: =VLOOKUP(C109,入院!$C$5:$F$1463,2,0) -> 血液粘稠度 | J109: =IF(H109=I109,"○","×") -> ○
A110: D005 | B110: 血液形態・機能検査 | C110: 160009610 | D110: 赤血球抵抗試験 | E110: 114 | F110: =VLOOKUP(C110,入院!$C$5:$F$1463,4,0) -> 142 | H110: 赤血球抵抗試験 | I110: =VLOOKUP(C110,入院!$C$5:$F$1463,2,0) -> 赤血球抵抗試験 | J110: =IF(H110=I110,"○","×") -> ○
A111: D005 | B111: 血液形態・機能検査 | C111: 160010010 | D111: ヘモグロビンＡ１ｃ（ＨｂＡ１ｃ） | E111: 91201347 | F111: =VLOOKUP(C111,入院!$C$5:$F$1463,4,0) -> 4327624 | G111: 〇 | H111: ヘモグロビンＡ１ｃ（ＨｂＡ１ｃ） | I111: =VLOOKUP(C111,入院!$C$5:$F$1463,2,0) -> ヘモグロビンＡ１ｃ（ＨｂＡ１ｃ） | J111: =IF(H111=I111,"○","×") -> ○
A112: D005 | B112: 血液形態・機能検査 | C112: 160010210 | D112: ヘモグロビンＦ（ＨｂＦ） | E112: 1640 | F112: =VLOOKUP(C112,入院!$C$5:$F$1463,4,0) -> 13712 | H112: ヘモグロビンＦ（ＨｂＦ） | I112: =VLOOKUP(C112,入院!$C$5:$F$1463,2,0) -> ヘモグロビンＦ（ＨｂＦ） | J112: =IF(H112=I112,"○","×") -> ○
A113: D005 | B113: 血液形態・機能検査 | C113: 160010410 | D113: 骨髄像 | E113: 82519 | F113: =VLOOKUP(C113,入院!$C$5:$F$1463,4,0) -> 77593 | H113: 骨髄像 | I113: =VLOOKUP(C113,入院!$C$5:$F$1463,2,0) -> 骨髄像 | J113: =IF(H113=I113,"○","×") -> ○
A114: D005 | B114: 血液形態・機能検査 | C114: 160057410 | D114: 造血器腫瘍細胞抗原検査（一連につき） | E114: 87498 | F114: =VLOOKUP(C114,入院!$C$5:$F$1463,4,0) -> 92821 | H114: 造血器腫瘍細胞抗原検査（一連につき） | I114: =VLOOKUP(C114,入院!$C$5:$F$1463,2,0) -> 造血器腫瘍細胞抗原検査（一連につき） | J114: =IF(H114=I114,"○","×") -> ○
A115: D005 | B115: 血液形態・機能検査 | C115: 160113310 | D115: ターミナルデオキシヌクレオチジルトランスフェラーゼ（ＴｄＴ） | E115: 490 | F115: =VLOOKUP(C115,入院!$C$5:$F$1463,4,0) -> 648 | H115: ターミナルデオキシヌクレオチジルトランスフェラーゼ（ＴｄＴ） | I115: =VLOOKUP(C115,入院!$C$5:$F$1463,2,0) -> ターミナルデオキシヌクレオチジルトランスフェラーゼ（ＴｄＴ） | J115: =IF(H115=I115,"○","×") -> ○
A116: D005 | B116: 血液形態・機能検査 | C116: 160122850 | D116: 好酸球（鼻汁・喀痰） | E116: 1746304 | F116: =VLOOKUP(C116,入院!$C$5:$F$1463,4,0) -> 3820 | H116: 好酸球（鼻汁・喀痰） | I116: =VLOOKUP(C116,入院!$C$5:$F$1463,2,0) -> 好酸球（鼻汁・喀痰） | J116: =IF(H116=I116,"○","×") -> ○
A117: D005 | B117: 血液形態・機能検査 | C117: 160143350 | D117: デオキシチミジンキナーゼ（ＴＫ）活性 | E117: 274 | F117: =VLOOKUP(C117,入院!$C$5:$F$1463,4,0) -> 24 | H117: デオキシチミジンキナーゼ（ＴＫ）活性 | I117: =VLOOKUP(C117,入院!$C$5:$F$1463,2,0) -> デオキシチミジンキナーゼ（ＴＫ）活性 | J117: =IF(H117=I117,"○","×") -> ○
A118: D005 | B118: 血液形態・機能検査 | C118: 160191510 | D118: 末梢血液像（自動機械法） | E118: 45878705 | F118: =VLOOKUP(C118,入院!$C$5:$F$1463,4,0) -> 32253887 | H118: 末梢血液像（自動機械法） | I118: =VLOOKUP(C118,入院!$C$5:$F$1463,2,0) -> 末梢血液像（自動機械法） | J118: =IF(H118=I118,"○","×") -> ○
A119: D005 | B119: 血液形態・機能検査 | C119: 160228250 | D119: ＤＮＡ含有赤血球計数検査 | E119: - | F119: =VLOOKUP(C119,入院!$C$5:$F$1463,4,0) -> - | H119: ＤＮＡ含有赤血球計数検査 | I119: =VLOOKUP(C119,入院!$C$5:$F$1463,2,0) -> ＤＮＡ含有赤血球計数検査 | J119: =IF(H119=I119,"○","×") -> ○
A120: D006 | B120: 出血・凝固検査 | C120: 160011410 | D120: 出血時間 | E120: 229573 | F120: =VLOOKUP(C120,入院!$C$5:$F$1463,4,0) -> 107718 | H120: 出血時間 | I120: =VLOOKUP(C120,入院!$C$5:$F$1463,2,0) -> 出血時間 | J120: =IF(H120=I120,"○","×") -> ○
A121: D006 | B121: 出血・凝固検査 | C121: 160011610 | D121: 毛細血管抵抗試験 | E121: 243 | F121: =VLOOKUP(C121,入院!$C$5:$F$1463,4,0) -> 466 | H121: 毛細血管抵抗試験 | I121: =VLOOKUP(C121,入院!$C$5:$F$1463,2,0) -> 毛細血管抵抗試験 | J121: =IF(H121=I121,"○","×") -> ○
A122: D006 | B122: 出血・凝固検査 | C122: 160011810 | D122: 血餅収縮能 | E122: 171 | F122: =VLOOKUP(C122,入院!$C$5:$F$1463,4,0) -> 70 | H122: 血餅収縮能 | I122: =VLOOKUP(C122,入院!$C$5:$F$1463,2,0) -> 血餅収縮能 | J122: =IF(H122=I122,"○","×") -> ○
A123: D006 | B123: 出血・凝固検査 | C123: 160012010 | D123: プロトロンビン時間（ＰＴ） | E123: 18147429 | F123: =VLOOKUP(C123,入院!$C$5:$F$1463,4,0) -> 14081850 | G123: 〇 | H123: プロトロンビン時間（ＰＴ） | I123: =VLOOKUP(C123,入院!$C$5:$F$1463,2,0) -> プロトロンビン時間（ＰＴ） | J123: =IF(H123=I123,"○","×") -> ○
...

Sheet 作業1_外来入院データ1枚に統合_両シート共通項目のみ抽出
A1: 診療年月：2024年04月～2025年03月 D 検査 外来 ※集計結果が10未満の場合は「‐」で表示（10未満の箇所が1箇所の場合は10以上の最小値を全て「‐」で表示）※集計対象期間内に名称や点数・金額等に変更がある場合、変更後の情報で表示
A2: 診療年月：2024年04月～2025年03月 D 検査 入院 ※集計結果が10未満の場合は「‐」で表示（10未満の箇所が1箇所の場合は10以上の最小値を全て「‐」で表示）※集計対象期間内に名称や点数・金額等に変更がある場合、変更後の情報で表示
A4: 分類コード | B4: 分類名称 | C4: 診療行為コード | D4: 診療行為 | E4: 外来総計（算定回数） | F4: 入院総計（算定回数） | G4: 確認用：外来診療行為コード | H4: 確認用：入院診療行為コード | I4: 不一致フラグ
A5: D000 | B5: 尿中一般物質定性半定量検査 | C5: 160000310 | D5: 尿中一般物質定性半定量検査 | E5: 69013004 | F5: =VLOOKUP(C5,入院!$C$5:$F$1463,4,0) -> 10697026 | G5: 尿中一般物質定性半定量検査 | H5: =VLOOKUP(C5,入院!$C$5:$F$1463,2,0) -> 尿中一般物質定性半定量検査 | I5: =IF(G5=H5,"○","×") -> ○
A6: D001 | B6: 尿中特殊物質定性定量検査 | C6: 160000410 | D6: 尿蛋白 | E6: 3032343 | F6: =VLOOKUP(C6,入院!$C$5:$F$1463,4,0) -> 1158657 | G6: 尿蛋白 | H6: =VLOOKUP(C6,入院!$C$5:$F$1463,2,0) -> 尿蛋白 | I6: =IF(G6=H6,"○","×") -> ○
A7: D001 | B7: 尿中特殊物質定性定量検査 | C7: 160001310 | D7: ＶＭＡ定性（尿） | E7: 1247 | F7: =VLOOKUP(C7,入院!$C$5:$F$1463,4,0) -> 548 | G7: ＶＭＡ定性（尿） | H7: =VLOOKUP(C7,入院!$C$5:$F$1463,2,0) -> ＶＭＡ定性（尿） | I7: =IF(G7=H7,"○","×") -> ○
A8: D001 | B8: 尿中特殊物質定性定量検査 | C8: 160001710 | D8: 尿グルコース | E8: 319114 | F8: =VLOOKUP(C8,入院!$C$5:$F$1463,4,0) -> 158180 | G8: 尿グルコース | H8: =VLOOKUP(C8,入院!$C$5:$F$1463,2,0) -> 尿グルコース | I8: =IF(G8=H8,"○","×") -> ○
A9: D001 | B9: 尿中特殊物質定性定量検査 | C9: 160003650 | D9: Ｒｉｍｉｎｇｔｏｎ反応 | E9: 12 | F9: =VLOOKUP(C9,入院!$C$5:$F$1463,4,0) -> - | G9: Ｒｉｍｉｎｇｔｏｎ反応 | H9: =VLOOKUP(C9,入院!$C$5:$F$1463,2,0) -> Ｒｉｍｉｎｇｔｏｎ反応 | I9: =IF(G9=H9,"○","×") -> ○
A10: D001 | B10: 尿中特殊物質定性定量検査 | C10: 160003750 | D10: Ｄｅａｎａｎｄ Ｂａｒｎｅｓ反応 | E10: - | F10: =VLOOKUP(C10,入院!$C$5:$F$1463,4,0) -> - | G10: Ｄｅａｎａｎｄ Ｂａｒｎｅｓ反応 | H10: =VLOOKUP(C10,入院!$C$5:$F$1463,2,0) -> Ｄｅａｎａｎｄ Ｂａｒｎｅｓ反応 | I10: =IF(G10=H10,"○","×") -> ○
A11: D001 | B11: 尿中特殊物質定性定量検査 | C11: 160003910 | D11: 尿浸透圧 | E11: 80419 | F11: =VLOOKUP(C11,入院!$C$5:$F$1463,4,0) -> 403244 | G11: 尿浸透圧 | H11: =VLOOKUP(C11,入院!$C$5:$F$1463,2,0) -> 尿浸透圧 | I11: =IF(G11=H11,"○","×") -> ○
A12: D001 | B12: 尿中特殊物質定性定量検査 | C12: 160004110 | D12: Ｎ－アセチルグルコサミニダーゼ（ＮＡＧ）（尿） | E12: 244672 | F12: =VLOOKUP(C12,入院!$C$5:$F$1463,4,0) -> 237733 | G12: Ｎ－アセチルグルコサミニダーゼ（ＮＡＧ）（尿） | H12: =VLOOKUP(C12,入院!$C$5:$F$1463,2,0) -> Ｎ－アセチルグルコサミニダーゼ（ＮＡＧ）（尿） | I12: =IF(G12=H12,"○","×") -> ○
A13: D001 | B13: 尿中特殊物質定性定量検査 | C13: 160004310 | D13: 黄体形成ホルモン（ＬＨ）定性（尿） | E13: 368651 | F13: =VLOOKUP(C13,入院!$C$5:$F$1463,4,0) -> 107 | G13: 黄体形成ホルモン（ＬＨ）定性（尿） | H13: =VLOOKUP(C13,入院!$C$5:$F$1463,2,0) -> 黄体形成ホルモン（ＬＨ）定性（尿） | I13: =IF(G13=H13,"○","×") -> ○
A14: D001 | B14: 尿中特殊物質定性定量検査 | C14: 160004510 | D14: フィブリン・フィブリノゲン分解産物（ＦＤＰ）（尿） | E14: 4365 | F14: =VLOOKUP(C14,入院!$C$5:$F$1463,4,0) -> 2202 | G14: フィブリン・フィブリノゲン分解産物（ＦＤＰ）（尿） | H14: =VLOOKUP(C14,入院!$C$5:$F$1463,2,0) -> フィブリン・フィブリノゲン分解産物（ＦＤＰ）（尿） | I14: =IF(G14=H14,"○","×") -> ○
A15: D001 | B15: 尿中特殊物質定性定量検査 | C15: 160004610 | D15: δアミノレブリン酸（δ－ＡＬＡ）（尿） | E15: 401 | F15: =VLOOKUP(C15,入院!$C$5:$F$1463,4,0) -> 342 | G15: δアミノレブリン酸（δ－ＡＬＡ）（尿） | H15: =VLOOKUP(C15,入院!$C$5:$F$1463,2,0) -> δアミノレブリン酸（δ－ＡＬＡ）（尿） | I15: =IF(G15=H15,"○","×") -> ○
A16: D001 | B16: 尿中特殊物質定性定量検査 | C16: 160004810 | D16: アルブミン定量（尿） | E16: 3271383 | F16: =VLOOKUP(C16,入院!$C$5:$F$1463,4,0) -> 178884 | G16: アルブミン定量（尿） | H16: =VLOOKUP(C16,入院!$C$5:$F$1463,2,0) -> アルブミン定量（尿） | I16: =IF(G16=H16,"○","×") -> ○
A17: D001 | B17: 尿中特殊物質定性定量検査 | C17: 160111710 | D17: ウロビリノゲン（尿） | E17: 2196 | F17: =VLOOKUP(C17,入院!$C$5:$F$1463,4,0) -> 349 | G17: ウロビリノゲン（尿） | H17: =VLOOKUP(C17,入院!$C$5:$F$1463,2,0) -> ウロビリノゲン（尿） | I17: =IF(G17=H17,"○","×") -> ○
A18: D001 | B18: 尿中特殊物質定性定量検査 | C18: 160111810 | D18: 先天性代謝異常症スクリーニングテスト（尿） | E18: 44 | F18: =VLOOKUP(C18,入院!$C$5:$F$1463,4,0) -> - | G18: 先天性代謝異常症スクリーニングテスト（尿） | H18: =VLOOKUP(C18,入院!$C$5:$F$1463,2,0) -> 先天性代謝異常症スクリーニングテスト（尿） | I18: =IF(G18=H18,"○","×") -> ○
A19: D001 | B19: 尿中特殊物質定性定量検査 | C19: 160112010 | D19: アルブミン定性（尿） | E19: 307675 | F19: =VLOOKUP(C19,入院!$C$5:$F$1463,4,0) -> 13374 | G19: アルブミン定性（尿） | H19: =VLOOKUP(C19,入院!$C$5:$F$1463,2,0) -> アルブミン定性（尿） | I19: =IF(G19=H19,"○","×") -> ○
A20: D001 | B20: 尿中特殊物質定性定量検査 | C20: 160112110 | D20: ポルフォビリノゲン（尿） | E20: 140 | F20: =VLOOKUP(C20,入院!$C$5:$F$1463,4,0) -> 236 | G20: ポルフォビリノゲン（尿） | H20: =VLOOKUP(C20,入院!$C$5:$F$1463,2,0) -> ポルフォビリノゲン（尿） | I20: =IF(G20=H20,"○","×") -> ○
A21: D001 | B21: 尿中特殊物質定性定量検査 | C21: 160112210 | D21: ウロポルフィリン（尿） | E21: 661 | F21: =VLOOKUP(C21,入院!$C$5:$F$1463,4,0) -> 302 | G21: ウロポルフィリン（尿） | H21: =VLOOKUP(C21,入院!$C$5:$F$1463,2,0) -> ウロポルフィリン（尿） | I21: =IF(G21=H21,"○","×") -> ○
A22: D001 | B22: 尿中特殊物質定性定量検査 | C22: 160112310 | D22: コプロポルフィリン（尿） | E22: 363 | F22: =VLOOKUP(C22,入院!$C$5:$F$1463,4,0) -> 183 | G22: コプロポルフィリン（尿） | H22: =VLOOKUP(C22,入院!$C$5:$F$1463,2,0) -> コプロポルフィリン（尿） | I22: =IF(G22=H22,"○","×") -> ○
A23: D001 | B23: 尿中特殊物質定性定量検査 | C23: 160134350 | D23: ポリアミン（尿） | E23: - | F23: =VLOOKUP(C23,入院!$C$5:$F$1463,4,0) -> 12 | G23: ポリアミン（尿） | H23: =VLOOKUP(C23,入院!$C$5:$F$1463,2,0) -> ポリアミン（尿） | I23: =IF(G23=H23,"○","×") -> ○
A24: D001 | B24: 尿中特殊物質定性定量検査 | C24: 160156710 | D24: ポルフィリン症スクリーニングテスト（尿） | E24: - | F24: =VLOOKUP(C24,入院!$C$5:$F$1463,4,0) -> - | G24: ポルフィリン症スクリーニングテスト（尿） | H24: =VLOOKUP(C24,入院!$C$5:$F$1463,2,0) -> ポルフィリン症スクリーニングテスト（尿） | I24: =IF(G24=H24,"○","×") -> ○
A25: D001 | B25: 尿中特殊物質定性定量検査 | C25: 160157750 | D25: トランスフェリン（尿） | E25: 5099 | F25: =VLOOKUP(C25,入院!$C$5:$F$1463,4,0) -> 9030 | G25: トランスフェリン（尿） | H25: =VLOOKUP(C25,入院!$C$5:$F$1463,2,0) -> トランスフェリン（尿） | I25: =IF(G25=H25,"○","×") -> ○
A26: D001 | B26: 尿中特殊物質定性定量検査 | C26: 160169250 | D26: ４型コラーゲン（尿） | E26: 2516 | F26: =VLOOKUP(C26,入院!$C$5:$F$1463,4,0) -> 385 | G26: ４型コラーゲン（尿） | H26: =VLOOKUP(C26,入院!$C$5:$F$1463,2,0) -> ４型コラーゲン（尿） | I26: =IF(G26=H26,"○","×") -> ○
A27: D001 | B27: 尿中特殊物質定性定量検査 | C27: 160176350 | D27: クレアチニン試験紙法（尿）（蛋白／クレアチニン比） | E27: 315581 | F27: =VLOOKUP(C27,入院!$C$5:$F$1463,4,0) -> 82372 | G27: クレアチニン試験紙法（尿）（蛋白／クレアチニン比） | H27: =VLOOKUP(C27,入院!$C$5:$F$1463,2,0) -> クレアチニン試験紙法（尿）（蛋白／クレアチニン比） | I27: =IF(G27=H27,"○","×") -> ○
A28: D001 | B28: 尿中特殊物質定性定量検査 | C28: 160189250 | D28: Ｌ型脂肪酸結合蛋白（Ｌ－ＦＡＢＰ）（尿） | E28: 88871 | F28: =VLOOKUP(C28,入院!$C$5:$F$1463,4,0) -> 22267 | G28: Ｌ型脂肪酸結合蛋白（Ｌ－ＦＡＢＰ）（尿） | H28: =VLOOKUP(C28,入院!$C$5:$F$1463,2,0) -> Ｌ型脂肪酸結合蛋白（Ｌ－ＦＡＢＰ）（尿） | I28: =IF(G28=H28,"○","×") -> ○
A29: D001 | B29: 尿中特殊物質定性定量検査 | C29: 160189950 | D29: 総ヨウ素（尿） | E29: 256 | F29: =VLOOKUP(C29,入院!$C$5:$F$1463,4,0) -> 320 | G29: 総ヨウ素（尿） | H29: =VLOOKUP(C29,入院!$C$5:$F$1463,2,0) -> 総ヨウ素（尿） | I29: =IF(G29=H29,"○","×") -> ○
A30: D001 | B30: 尿中特殊物質定性定量検査 | C30: 160209650 | D30: 好中球ゼラチナーゼ結合性リポカリン（ＮＧＡＬ）（尿） | E30: 1879 | F30: =VLOOKUP(C30,入院!$C$5:$F$1463,4,0) -> 30238 | G30: 好中球ゼラチナーゼ結合性リポカリン（ＮＧＡＬ）（尿） | H30: =VLOOKUP(C30,入院!$C$5:$F$1463,2,0) -> 好中球ゼラチナーゼ結合性リポカリン（ＮＧＡＬ）（尿） | I30: =IF(G30=H30,"○","×") -> ○
A31: D001 | B31: 尿中特殊物質定性定量検査 | C31: 160210610 | D31: シュウ酸（尿） | E31: 130 | F31: =VLOOKUP(C31,入院!$C$5:$F$1463,4,0) -> 264 | G31: シュウ酸（尿） | H31: =VLOOKUP(C31,入院!$C$5:$F$1463,2,0) -> シュウ酸（尿） | I31: =IF(G31=H31,"○","×") -> ○
A32: D001 | B32: 尿中特殊物質定性定量検査 | C32: 160224650 | D32: トリプシノーゲン２（尿） | E32: 1216 | F32: =VLOOKUP(C32,入院!$C$5:$F$1463,4,0) -> 2852 | G32: トリプシノーゲン２（尿） | H32: =VLOOKUP(C32,入院!$C$5:$F$1463,2,0) -> トリプシノーゲン２（尿） | I32: =IF(G32=H32,"○","×") -> ○
A33: D001 | B33: 尿中特殊物質定性定量検査 | C33: 160237350 | D33: プロスタグランジンＥ主要代謝物（尿） | E33: 956 | F33: =VLOOKUP(C33,入院!$C$5:$F$1463,4,0) -> 304 | G33: プロスタグランジンＥ主要代謝物（尿） | H33: =VLOOKUP(C33,入院!$C$5:$F$1463,2,0) -> プロスタグランジンＥ主要代謝物（尿） | I33: =IF(G33=H33,"○","×") -> ○
A34: D002 | B34: 尿沈渣（鏡検法） | C34: 160005010 | D34: 尿沈渣（鏡検法） | E34: 18290110 | F34: =VLOOKUP(C34,入院!$C$5:$F$1463,4,0) -> 4369238 | G34: 尿沈渣（鏡検法） | H34: =VLOOKUP(C34,入院!$C$5:$F$1463,2,0) -> 尿沈渣（鏡検法） | I34: =IF(G34=H34,"○","×") -> ○
A35: D002-2 | B35: 尿沈渣（フローサイトメトリー法） | C35: 160159550 | D35: 尿沈渣（フローサイトメトリー法） | E35: 3669858 | F35: =VLOOKUP(C35,入院!$C$5:$F$1463,4,0) -> 2126755 | G35: 尿沈渣（フローサイトメトリー法） | H35: =VLOOKUP(C35,入院!$C$5:$F$1463,2,0) -> 尿沈渣（フローサイトメトリー法） | I35: =IF(G35=H35,"○","×") -> ○
A36: D003 | B36: 糞便検査 | C36: 160005510 | D36: 糞便塗抹顕微鏡検査（虫卵、脂肪及び消化状況観察を含む。） | E36: 7848 | F36: =VLOOKUP(C36,入院!$C$5:$F$1463,4,0) -> 8548 | G36: 糞便塗抹顕微鏡検査（虫卵、脂肪及び消化状況観察を含む。） | H36: =VLOOKUP(C36,入院!$C$5:$F$1463,2,0) -> 糞便塗抹顕微鏡検査（虫卵、脂肪及び消化状況観察を含む。） | I36: =IF(G36=H36,"○","×") -> ○
... A42: D003 | B42: 糞便検査 | C42: 160006810 | D42: 糞便中ヘモグロビン | E42: 429405 | F42: =VLOOKUP(C42,入院!$C$5:$F$1463,4,0) -> 181428 | G42: 糞便中ヘモグロビン | H42: =VLOOKUP(C42,入院!$C$5:$F$1463,2,0) -> 糞便中ヘモグロビン | I42: =IF(G42=H42,"○","×") -> ○
A43: D003 | B43: 糞便検査 | C43: 160112610 | D43: ウロビリン（糞便） | E43: - | F43: =VLOOKUP(C43,入院!$C$5:$F$1463,4,0) -> - | G43: ウロビリン（糞便） | H43: =VLOOKUP(C43,入院!$C$5:$F$1463,2,0) -> ウロビリン（糞便） | I43: =IF(G43=H43,"○","×") -> ○
A44: D003 | B44: 糞便検査 | C44: 160113110 | D44: 糞便中ヘモグロビン及びトランスフェリン定性・定量 | E44: 112030 | F44: =VLOOKUP(C44,入院!$C$5:$F$1463,4,0) -> 67441 | G44: 糞便中ヘモグロビン及びトランスフェリン定性・定量 | H44: =VLOOKUP(C44,入院!$C$5:$F$1463,2,0) -> 糞便中ヘモグロビン及びトランスフェリン定性・定量 | I44: =IF(G44=H44,"○","×") -> ○
A45: D003 | B45: 糞便検査 | C45: 160210050 | D45: カルプロテクチン（糞便） | E45: 72831 | F45: =VLOOKUP(C45,入院!$C$5:$F$1463,4,0) -> 5247 | G45: カルプロテクチン（糞便） | H45: =VLOOKUP(C45,入院!$C$5:$F$1463,2,0) -> カルプロテクチン（糞便） | I45: =IF(G45=H45,"○","×") -> ○
A46: D004 | B46: 穿刺液・採取液検査 | C46: 160058050 | D46: ヒューナー検査 | E46: 51789 | F46: =VLOOKUP(C46,入院!$C$5:$F$1463,4,0) -> - | G46: ヒューナー検査 | H46: =VLOOKUP(C46,入院!$C$5:$F$1463,2,0) -> ヒューナー検査 | I46: =IF(G46=H46,"○","×") -> ○
A47: D004 | B47: 穿刺液・採取液検査 | C47: 160060910 | D47: 精液一般検査 | E47: 218616 | F47: =VLOOKUP(C47,入院!$C$5:$F$1463,4,0) -> 94 | G47: 精液一般検査 | H47: =VLOOKUP(C47,入院!$C$5:$F$1463,2,0) -> 精液一般検査 | I47: =IF(G47=H47,"○","×") -> ○
A48: D004 | B48: 穿刺液・採取液検査 | C48: 160061010 | D48: 胃液又は十二指腸液一般検査 | E48: 342 | F48: =VLOOKUP(C48,入院!$C$5:$F$1463,4,0) -> 2278 | G48: 胃液又は十二指腸液一般検査 | H48: =VLOOKUP(C48,入院!$C$5:$F$1463,2,0) -> 胃液又は十二指腸液一般検査 | I48: =IF(G48=H48,"○","×") -> ○
A49: D004 | B49: 穿刺液・採取液検査 | C49: 160061110 | D49: 髄液一般検査 | E49: 29292 | F49: =VLOOKUP(C49,入院!$C$5:$F$1463,4,0) -> 195848 | G49: 髄液一般検査 | H49: =VLOOKUP(C49,入院!$C$5:$F$1463,2,0) -> 髄液一般検査 | I49: =IF(G49=H49,"○","×") -> ○
A50: D004 | B50: 穿刺液・採取液検査 | C50: 160061210 | D50: 頸管粘液一般検査 | E50: 384821 | F50: =VLOOKUP(C50,入院!$C$5:$F$1463,4,0) -> 240 | G50: 頸管粘液一般検査 | H50: =VLOOKUP(C50,入院!$C$5:$F$1463,2,0) -> 頸管粘液一般検査 | I50: =IF(G50=H50,"○","×") -> ○
A51: D004 | B51: 穿刺液・採取液検査 | C51: 160163150 | D51: 顆粒球エラスターゼ（子宮頸管粘液） | E51: 5578 | F51: =VLOOKUP(C51,入院!$C$5:$F$1463,4,0) -> 8236 | G51: 顆粒球エラスターゼ（子宮頸管粘液） | H51: =VLOOKUP(C51,入院!$C$5:$F$1463,2,0) -> 顆粒球エラスターゼ（子宮頸管粘液） | I51: =IF(G51=H51,"○","×") -> ○
A52: D004 | B52: 穿刺液・採取液検査 | C52: 160167150 | D52: 顆粒球エラスターゼ定性（子宮頸管粘液） | E52: 5534 | F52: =VLOOKUP(C52,入院!$C$5:$F$1463,4,0) -> 3781 | G52: 顆粒球エラスターゼ定性（子宮頸管粘液） | H52: =VLOOKUP(C52,入院!$C$5:$F$1463,2,0) -> 顆粒球エラスターゼ定性（子宮頸管粘液） | I52: =IF(G52=H52,"○","×") -> ○
A53: D004 | B53: 穿刺液・採取液検査 | C53: 160177810 | D53: ＩｇＧインデックス | E53: 3535 | F53: =VLOOKUP(C53,入院!$C$5:$F$1463,4,0) -> 20766 | G53: ＩｇＧインデックス | H53: =VLOOKUP(C53,入院!$C$5:$F$1463,2,0) -> ＩｇＧインデックス | I53: =IF(G53=H53,"○","×") -> ○
A54: D004 | B54: 穿刺液・採取液検査 | C54: 160177910 | D54: ミエリン塩基性蛋白（ＭＢＰ）（髄液） | E54: 1868 | F54: =VLOOKUP(C54,入院!$C$5:$F$1463,4,0) -> 13064 | G54: ミエリン塩基性蛋白（ＭＢＰ）（髄液） | H54: =VLOOKUP(C54,入院!$C$5:$F$1463,2,0) -> ミエリン塩基性蛋白（ＭＢＰ）（髄液） | I54: =IF(G54=H54,"○","×") -> ○
A55: D004 | B55: 穿刺液・採取液検査 | C55: 160178010 | D55: オリゴクローナルバンド | E55: 3955 | F55: =VLOOKUP(C55,入院!$C$5:$F$1463,4,0) -> 24822 | G55: オリゴクローナルバンド | H55: =VLOOKUP(C55,入院!$C$5:$F$1463,2,0) -> オリゴクローナルバンド | I55: =IF(G55=H55,"○","×") -> ○
A56: D004 | B56: 穿刺液・採取液検査 | C56: 160182110 | D56: マイクロバブルテスト | E56: - | F56: =VLOOKUP(C56,入院!$C$5:$F$1463,4,0) -> 1105 | G56: マイクロバブルテスト | H56: =VLOOKUP(C56,入院!$C$5:$F$1463,2,0) -> マイクロバブルテスト | I56: =IF(G56=H56,"○","×") -> ○
A57: D004 | B57: 穿刺液・採取液検査 | C57: 160184150 | D57: ＩｇＥ定性（涙液） | E57: 46000 | F57: =VLOOKUP(C57,入院!$C$5:$F$1463,4,0) -> 18 | G57: ＩｇＥ定性（涙液） | H57: =VLOOKUP(C57,入院!$C$5:$F$1463,2,0) -> ＩｇＥ定性（涙液） | I57: =IF(G57=H57,"○","×") -> ○
A58: D004 | B58: 穿刺液・採取液検査 | C58: 160190610 | D58: リン酸化タウ蛋白（髄液） | E58: 469 | F58: =VLOOKUP(C58,入院!$C$5:$F$1463,4,0) -> 3124 | G58: リン酸化タウ蛋白（髄液） | H58: =VLOOKUP(C58,入院!$C$5:$F$1463,2,0) -> リン酸化タウ蛋白（髄液） | I58: =IF(G58=H58,"○","×") -> ○
A59: D004 | B59: 穿刺液・採取液検査 | C59: 160190710 | D59: タウ蛋白（髄液） | E59: 405 | F59: =VLOOKUP(C59,入院!$C$5:$F$1463,4,0) -> 1066 | G59: タウ蛋白（髄液） | H59: =VLOOKUP(C59,入院!$C$5:$F$1463,2,0) -> タウ蛋白（髄液） | I59: =IF(G59=H59,"○","×") -> ○
A60: D004 | B60: 穿刺液・採取液検査 | C60: 160230710 | D60: 関節液検査 | E60: 56475 | F60: =VLOOKUP(C60,入院!$C$5:$F$1463,4,0) -> 17477 | G60: 関節液検査 | H60: =VLOOKUP(C60,入院!$C$5:$F$1463,2,0) -> 関節液検査 | I60: =IF(G60=H60,"○","×") -> ○
A61: D004 | B61: 穿刺液・採取液検査 | C61: 160237150 | D61: アミロイドβ４２／４０比（髄液） | E61: 3245 | F61: =VLOOKUP(C61,入院!$C$5:$F$1463,4,0) -> 2720 | G61: アミロイドβ４２／４０比（髄液） | H61: =VLOOKUP(C61,入院!$C$5:$F$1463,2,0) -> アミロイドβ４２／４０比（髄液） | I61: =IF(G61=H61,"○","×") -> ○
A62: D004-2 | B62: 悪性腫瘍組織検査 | C62: 160182210 | D62: 抗悪性腫瘍剤感受性検査 | E62: 105 | F62: =VLOOKUP(C62,入院!$C$5:$F$1463,4,0) -> 45 | G62: 抗悪性腫瘍剤感受性検査 | H62: =VLOOKUP(C62,入院!$C$5:$F$1463,2,0) -> 抗悪性腫瘍剤感受性検査 | I62: =IF(G62=H62,"○","×") -> ○
A63: D004-2 | B63: 悪性腫瘍組織検査 | C63: 160220610 | D63: 悪性腫瘍組織検査（処理が容易なもの）（医薬品の適応判定の補助等に用いるもの）（肺癌におけるＥＧＦＲ遺伝子検査） | E63: 26208 | F63: =VLOOKUP(C63,入院!$C$5:$F$1463,4,0) -> 6214 | G63: 悪性腫瘍組織検査（処理が容易なもの）（医薬品の適応判定の補助等に用いるもの）（肺癌におけるＥＧＦＲ遺伝子検査） | H63: =VLOOKUP(C63,入院!$C$5:$F$1463,2,0) -> 悪性腫瘍組織検査（処理が容易なもの）（医薬品の適応判定の補助等に用いるもの）（肺癌におけるＥＧＦＲ遺伝子検査） | I63: =IF(G63=H63,"○","×") -> ○
A64: D004-2 | B64: 悪性腫瘍組織検査 | C64: 160220710 | D64: 悪性腫瘍組織検査（処理が容易なもの）（医薬品の適応判定の補助等に用いるもの）（肺癌におけるＲＯＳ１融合遺伝子検査） | E64: 22865 | F64: =VLOOKUP(C64,入院!$C$5:$F$1463,4,0) -> 4496 | G64: 悪性腫瘍組織検査（処理が容易なもの）（医薬品の適応判定の補助等に用いるもの）（肺癌におけるＲＯＳ１融合遺伝子検査） | H64: =VLOOKUP(C64,入院!$C$5:$F$1463,2,0) -> 悪性腫瘍組織検査（処理が容易なもの）（医薬品の適応判定の補助等に用いるもの）（肺癌におけるＲＯＳ１融合遺伝子検査） | I64: =IF(G64=H64,"○","×") -> ○
A65: D004-2 | B65: 悪性腫瘍組織検査 | C65: 160220810 | D65: 悪性腫瘍組織検査（処理が容易なもの）（医薬品の適応判定の補助等に用いるもの）（肺癌におけるＡＬＫ融合遺伝子検査） | E65: 23088 | F65: =VLOOKUP(C65,入院!$C$5:$F$1463,4,0) -> 4565 | G65: 悪性腫瘍組織検査（処理が容易なもの）（医薬品の適応判定の補助等に用いるもの）（肺癌におけるＡＬＫ融合遺伝子検査） | H65: =VLOOKUP(C65,入院!$C$5:$F$1463,2,0) -> 悪性腫瘍組織検査（処理が容易なもの）（医薬品の適応判定の補助等に用いるもの）（肺癌におけるＡＬＫ融合遺伝子検査） | I65: =IF(G65=H65,"○","×") -> ○
A66: D004-2 | B66: 悪性腫瘍組織検査 | C66: 160220910 | D66: 悪性腫瘍組織検査（処理が容易なもの）（医薬品の適応判定の補助等に用いるもの）（大腸癌におけるＲＡＳ遺伝子検査） | E66: 34159 | F66: =VLOOKUP(C66,入院!$C$5:$F$1463,4,0) -> 18899 | G66: 悪性腫瘍組織検査（処理が容易なもの）（医薬品の適応判定の補助等に用いるもの）（大腸癌におけるＲＡＳ遺伝子検査） | H66: =VLOOKUP(C66,入院!$C$5:$F$1463,2,0) -> 悪性腫瘍組織検査（処理が容易なもの）（医薬品の適応判定の補助等に用いるもの）（大腸癌におけるＲＡＳ遺伝子検査） | I66: =IF(G66=H66,"○","×") -> ○
A67: D004-2 | B67: 悪性腫瘍組織検査 | C67: 160221010 | D67: 悪性腫瘍組織検査（処理が容易なもの）（医薬品の適応判定の補助等に用いるもの）（大腸癌におけるＢＲＡＦ遺伝子検査） | E67: 33491 | F67: =VLOOKUP(C67,入院!$C$5:$F$1463,4,0) -> 17520 | G67: 悪性腫瘍組織検査（処理が容易なもの）（医薬品の適応判定の補助等に用いるもの）（大腸癌におけるＢＲＡＦ遺伝子検査） | H67: =VLOOKUP(C67,入院!$C$5:$F$1463,2,0) -> 悪性腫瘍組織検査（処理が容易なもの）（医薬品の適応判定の補助等に用いるもの）（大腸癌におけるＢＲＡＦ遺伝子検査） | I67: =IF(G67=H67,"○","×") -> ○
A68: D004-2 | B68: 悪性腫瘍組織検査 | C68: 160221110 | D68: 悪性腫瘍組織検査（処理が容易なもの）（医薬品の適応判定の補助等に用いるもの）（乳癌におけるＨＥＲ２遺伝子検査） | E68: 905 | F68: =VLOOKUP(C68,入院!$C$5:$F$1463,4,0) -> 544 | G68: 悪性腫瘍組織検査（処理が容易なもの）（医薬品の適応判定の補助等に用いるもの）（乳癌におけるＨＥＲ２遺伝子検査） | H68: =VLOOKUP(C68,入院!$C$5:$F$1463,2,0) -> 悪性腫瘍組織検査（処理が容易なもの）（医薬品の適応判定の補助等に用いるもの）（乳癌におけるＨＥＲ２遺伝子検査） | I68: =IF(G68=H68,"○","×") -> ○
... A74: D004-2 | B74: 悪性腫瘍組織検査 | C74: 160221810 | D74: 悪性腫瘍組織検査（処理が容易なもの）（その他のもの）（消化管間葉系腫瘍におけるｃ－ｋｉｔ遺伝子検査） | E74: 205 | F74: =VLOOKUP(C74,入院!$C$5:$F$1463,4,0) -> 109 | G74: 悪性腫瘍組織検査（処理が容易なもの）（その他のもの）（消化管間葉系腫瘍におけるｃ－ｋｉｔ遺伝子検査） | H74: =VLOOKUP(C74,入院!$C$5:$F$1463,2,0) -> 悪性腫瘍組織検査（処理が容易なもの）（その他のもの）（消化管間葉系腫瘍におけるｃ－ｋｉｔ遺伝子検査） | I74: =IF(G74=H74,"○","×") -> ○
A75: D004-2 | B75: 悪性腫瘍組織検査 | C75: 160221910 | D75: 悪性腫瘍組織検査（処理が容易なもの）（その他のもの）（悪性黒色腫におけるセンチネルリンパ節生検に係る遺伝子検査） | E75: - | F75: =VLOOKUP(C75,入院!$C$5:$F$1463,4,0) -> - | G75: 悪性腫瘍組織検査（処理が容易なもの）（その他のもの）（悪性黒色腫におけるセンチネルリンパ節生検に係る遺伝子検査） | H75: =VLOOKUP(C75,入院!$C$5:$F$1463,2,0) -> 悪性腫瘍組織検査（処理が容易なもの）（その他のもの）（悪性黒色腫におけるセンチネルリンパ節生検に係る遺伝子検査） | I75: =IF(G75=H75,"○","×") -> ○
A76: D004-2 | B76: 悪性腫瘍組織検査 | C76: 160222010 | D76: 悪性腫瘍組織検査（処理が容易なもの）（その他のもの）（大腸癌におけるＥＧＦＲ遺伝子検査） | E76: 118 | F76: =VLOOKUP(C76,入院!$C$5:$F$1463,4,0) -> 122 | G76: 悪性腫瘍組織検査（処理が容易なもの）（その他のもの）（大腸癌におけるＥＧＦＲ遺伝子検査） | H76: =VLOOKUP(C76,入院!$C$5:$F$1463,2,0) -> 悪性腫瘍組織検査（処理が容易なもの）（その他のもの）（大腸癌におけるＥＧＦＲ遺伝子検査） | I76: =IF(G76=H76,"○","×") -> ○
A77: D004-2 | B77: 悪性腫瘍組織検査 | C77: 160222110 | D77: 悪性腫瘍組織検査（処理が容易なもの）（その他のもの）（大腸癌におけるＫＲＡＳ遺伝子検査） | E77: 520 | F77: =VLOOKUP(C77,入院!$C$5:$F$1463,4,0) -> 767 | G77: 悪性腫瘍組織検査（処理が容易なもの）（その他のもの）（大腸癌におけるＫＲＡＳ遺伝子検査） | H77: =VLOOKUP(C77,入院!$C$5:$F$1463,2,0) -> 悪性腫瘍組織検査（処理が容易なもの）（その他のもの）（大腸癌におけるＫＲＡＳ遺伝子検査） | I77: =IF(G77=H77,"○","×") -> ○
A78: D004-2 | B78: 悪性腫瘍組織検査 | C78: 160222210 | D78: 悪性腫瘍組織検査（処理が容易なもの）（その他のもの）（リンチ症候群におけるマイクロサテライト不安定性検査） | E78: 1191 | F78: =VLOOKUP(C78,入院!$C$5:$F$1463,4,0) -> 1099 | G78: 悪性腫瘍組織検査（処理が容易なもの）（その他のもの）（リンチ症候群におけるマイクロサテライト不安定性検査） | H78: =VLOOKUP(C78,入院!$C$5:$F$1463,2,0) -> 悪性腫瘍組織検査（処理が容易なもの）（その他のもの）（リンチ症候群におけるマイクロサテライト不安定性検査） | I78: =IF(G78=H78,"○","×") -> ○
A79: D004-2 | B79: 悪性腫瘍組織検査 | C79: 160222310 | D79: 悪性腫瘍組織検査（処理が複雑なもの）（肺癌におけるＢＲＡＦ遺伝子検査（次世代シーケンシング）） | E79: 22486 | F79: =VLOOKUP(C79,入院!$C$5:$F$1463,4,0) -> 3926 | G79: 悪性腫瘍組織検査（処理が複雑なもの）（肺癌におけるＢＲＡＦ遺伝子検査（次世代シーケンシング）） | H79: =VLOOKUP(C79,入院!$C$5:$F$1463,2,0) -> 悪性腫瘍組織検査（処理が複雑なもの）（肺癌におけるＢＲＡＦ遺伝子検査（次世代シーケンシング）） | I79: =IF(G79=H79,"○","×") -> ○
A80: D004-2 | B80: 悪性腫瘍組織検査 | C80: 160222410 | D80: 悪性腫瘍組織検査（処理が複雑なもの）（悪性黒色腫におけるＢＲＡＦ遺伝子検査（リアルタイムＰＣＲ法）） | E80: 929 | F80: =VLOOKUP(C80,入院!$C$5:$F$1463,4,0) -> 358 | G80: 悪性腫瘍組織検査（処理が複雑なもの）（悪性黒色腫におけるＢＲＡＦ遺伝子検査（リアルタイムＰＣＲ法）） | H80: =VLOOKUP(C80,入院!$C$5:$F$1463,2,0) -> 悪性腫瘍組織検査（処理が複雑なもの）（悪性黒色腫におけるＢＲＡＦ遺伝子検査（リアルタイムＰＣＲ法）） | I80: =IF(G80=H80,"○","×") -> ○
A81: D004-2 | B81: 悪性腫瘍組織検査 | C81: 160222510 | D81: 悪性腫瘍組織検査（処理が複雑なもの）（固形癌におけるＮＴＲＫ融合遺伝子検査） | E81: 126 | F81: =VLOOKUP(C81,入院!$C$5:$F$1463,4,0) -> 12 | G81: 悪性腫瘍組織検査（処理が複雑なもの）（固形癌におけるＮＴＲＫ融合遺伝子検査） | H81: =VLOOKUP(C81,入院!$C$5:$F$1463,2,0) -> 悪性腫瘍組織検査（処理が複雑なもの）（固形癌におけるＮＴＲＫ融合遺伝子検査） | I81: =IF(G81=H81,"○","×") -> ○
A82: D004-2 | B82: 悪性腫瘍組織検査 | C82: 160223650 | D82: 悪性腫瘍組織検査（処理が複雑なもの）（肺癌におけるＭＥＴｅｘ１４遺伝子検査（次世代シーケンシング）） | E82: 7981 | F82: =VLOOKUP(C82,入院!$C$5:$F$1463,4,0) -> 1966 | G82: 悪性腫瘍組織検査（処理が複雑なもの）（肺癌におけるＭＥＴｅｘ１４遺伝子検査（次世代シーケンシング）） | H82: =VLOOKUP(C82,入院!$C$5:$F$1463,2,0) -> 悪性腫瘍組織検査（処理が複雑なもの）（肺癌におけるＭＥＴｅｘ１４遺伝子検査（次世代シーケンシング）） | I82: =IF(G82=H82,"○","×") -> ○
A83: D004-2 | B83: 悪性腫瘍組織検査 | C83: 160225050 | D83: 悪性腫瘍組織検査（処理容易）（医薬品適応判定補助等）リンチ症候群のマイクロサテライト不安定性検査（体外診断用医薬品を用いる場合） | E83: 3488 | F83: =VLOOKUP(C83,入院!$C$5:$F$1463,4,0) -> 1588 | G83: 悪性腫瘍組織検査（処理容易）（医薬品適応判定補助等）リンチ症候群のマイクロサテライト不安定性検査（体外診断用医薬品を用いる場合） | H83: =VLOOKUP(C83,入院!$C$5:$F$1463,2,0) -> 悪性腫瘍組織検査（処理容易）（医薬品適応判定補助等）リンチ症候群のマイクロサテライト不安定性検査（体外診断用医薬品を用いる場合） | I83: =IF(G83=H83,"○","×") -> ○
A84: D004-2 | B84: 悪性腫瘍組織検査 | C84: 160226950 | D84: 悪性腫瘍組織検査（処理が複雑なもの）（胆道癌におけるＦＧＦＲ２融合遺伝子検査） | E84: 41 | F84: =VLOOKUP(C84,入院!$C$5:$F$1463,4,0) -> - | G84: 悪性腫瘍組織検査（処理が複雑なもの）（胆道癌におけるＦＧＦＲ２融合遺伝子検査） | H84: =VLOOKUP(C84,入院!$C$5:$F$1463,2,0) -> 悪性腫瘍組織検査（処理が複雑なもの）（胆道癌におけるＦＧＦＲ２融合遺伝子検査） | I84: =IF(G84=H84,"○","×") -> ○
A85: D004-2 | B85: 悪性腫瘍組織検査 | C85: 160228450 | D85: 悪性腫瘍組織検査（処理が容易なもの）（医薬品の適応判定の補助等に用いるもの）（固形癌におけるマイクロサテライト不安定性検査） | E85: 34940 | F85: =VLOOKUP(C85,入院!$C$5:$F$1463,4,0) -> 14761 | G85: 悪性腫瘍組織検査（処理が容易なもの）（医薬品の適応判定の補助等に用いるもの）（固形癌におけるマイクロサテライト不安定性検査） | H85: =VLOOKUP(C85,入院!$C$5:$F$1463,2,0) -> 悪性腫瘍組織検査（処理が容易なもの）（医薬品の適応判定の補助等に用いるもの）（固形癌におけるマイクロサテライト不安定性検査） | I85: =IF(G85=H85,"○","×") -> ○
A86: D004-2 | B86: 悪性腫瘍組織検査 | C86: 160228550 | D86: 悪性腫瘍組織検査（処理が容易なもの）（医薬品の適応判定の補助等に用いるもの）（濾胞性リンパ腫におけるＥＺＨ２遺伝子検査） | E86: 444 | F86: =VLOOKUP(C86,入院!$C$5:$F$1463,4,0) -> 179 | G86: 悪性腫瘍組織検査（処理が容易なもの）（医薬品の適応判定の補助等に用いるもの）（濾胞性リンパ腫におけるＥＺＨ２遺伝子検査） | H86: =VLOOKUP(C86,入院!$C$5:$F$1463,2,0) -> 悪性腫瘍組織検査（処理が容易なもの）（医薬品の適応判定の補助等に用いるもの）（濾胞性リンパ腫におけるＥＺＨ２遺伝子検査） | I86: =IF(G86=H86,"○","×") -> ○
A87: D004-2 | B87: 悪性腫瘍組織検査 | C87: 160229350 | D87: 悪性腫瘍組織検査（処理が複雑なもの）（肺癌におけるＲＥＴ融合遺伝子検査） | E87: 21865 | F87: =VLOOKUP(C87,入院!$C$5:$F$1463,4,0) -> 3806 | G87: 悪性腫瘍組織検査（処理が複雑なもの）（肺癌におけるＲＥＴ融合遺伝子検査） | H87: =VLOOKUP(C87,入院!$C$5:$F$1463,2,0) -> 悪性腫瘍組織検査（処理が複雑なもの）（肺癌におけるＲＥＴ融合遺伝子検査） | I87: =IF(G87=H87,"○","×") -> ○
... A107: D005 | B107: 血液形態・機能検査 | C107: 160009310 | D107: 血中微生物検査 | E107: 490 | F107: =VLOOKUP(C107,入院!$C$5:$F$1463,4,0) -> 564 | G107: 血中微生物検査 | H107: =VLOOKUP(C107,入院!$C$5:$F$1463,2,0) -> 血中微生物検査 | I107: =IF(G107=H107,"○","×") -> ○
A108: D005 | B108: 血液形態・機能検査 | C108: 160009410 | D108: 自己溶血試験 | E108: - | F108: =VLOOKUP(C108,入院!$C$5:$F$1463,4,0) -> 80 | G108: 自己溶血試験 | H108: =VLOOKUP(C108,入院!$C$5:$F$1463,2,0) -> 自己溶血試験 | I108: =IF(G108=H108,"○","×") -> ○
A109: D005 | B109: 血液形態・機能検査 | C109: 160009510 | D109: 血液粘稠度 | E109: 138 | F109: =VLOOKUP(C109,入院!$C$5:$F$1463,4,0) -> 802 | G109: 血液粘稠度 | H109: =VLOOKUP(C109,入院!$C$5:$F$1463,2,0) -> 血液粘稠度 | I109: =IF(G109=H109,"○","×") -> ○
A110: D005 | B110: 血液形態・機能検査 | C110: 160009610 | D110: 赤血球抵抗試験 | E110: 114 | F110: =VLOOKUP(C110,入院!$C$5:$F$1463,4,0) -> 142 | G110: 赤血球抵抗試験 | H110: =VLOOKUP(C110,入院!$C$5:$F$1463,2,0) -> 赤血球抵抗試験 | I110: =IF(G110=H110,"○","×") -> ○
A111: D005 | B111: 血液形態・機能検査 | C111: 160010010 | D111: ヘモグロビンＡ１ｃ（ＨｂＡ１ｃ） | E111: 91201347 | F111: =VLOOKUP(C111,入院!$C$5:$F$1463,4,0) -> 4327624 | G111: ヘモグロビンＡ１ｃ（ＨｂＡ１ｃ） | H111: =VLOOKUP(C111,入院!$C$5:$F$1463,2,0) -> ヘモグロビンＡ１ｃ（ＨｂＡ１ｃ） | I111: =IF(G111=H111,"○","×") -> ○
A112: D005 | B112: 血液形態・機能検査 | C112: 160010210 | D112: ヘモグロビンＦ（ＨｂＦ） | E112: 1640 | F112: =VLOOKUP(C112,入院!$C$5:$F$1463,4,0) -> 13712 | G112: ヘモグロビンＦ（ＨｂＦ） | H112: =VLOOKUP(C112,入院!$C$5:$F$1463,2,0) -> ヘモグロビンＦ（ＨｂＦ） | I112: =IF(G112=H112,"○","×") -> ○
A113: D005 | B113: 血液形態・機能検査 | C113: 160010410 | D113: 骨髄像 | E113: 82519 | F113: =VLOOKUP(C113,入院!$C$5:$F$1463,4,0) -> 77593 | G113: 骨髄像 | H113: =VLOOKUP(C113,入院!$C$5:$F$1463,2,0) -> 骨髄像 | I113: =IF(G113=H113,"○","×") -> ○
A114: D005 | B114: 血液形態・機能検査 | C114: 160057410 | D114: 造血器腫瘍細胞抗原検査（一連につき） | E114: 87498 | F114: =VLOOKUP(C114,入院!$C$5:$F$1463,4,0) -> 92821 | G114: 造血器腫瘍細胞抗原検査（一連につき） | H114: =VLOOKUP(C114,入院!$C$5:$F$1463,2,0) -> 造血器腫瘍細胞抗原検査（一連につき） | I114: =IF(G114=H114,"○","×") -> ○
A115: D005 | B115: 血液形態・機能検査 | C115: 160113310 | D115: ターミナルデオキシヌクレオチジルトランスフェラーゼ（ＴｄＴ） | E115: 490 | F115: =VLOOKUP(C115,入院!$C$5:$F$1463,4,0) -> 648 | G115: ターミナルデオキシヌクレオチジルトランスフェラーゼ（ＴｄＴ） | H115: =VLOOKUP(C115,入院!$C$5:$F$1463,2,0) -> ターミナルデオキシヌクレオチジルトランスフェラーゼ（ＴｄＴ） | I115: =IF(G115=H115,"○","×") -> ○
A116: D005 | B116: 血液形態・機能検査 | C116: 160122850 | D116: 好酸球（鼻汁・喀痰） | E116: 1746304 | F116: =VLOOKUP(C116,入院!$C$5:$F$1463,4,0) -> 3820 | G116: 好酸球（鼻汁・喀痰） | H116: =VLOOKUP(C116,入院!$C$5:$F$1463,2,0) -> 好酸球（鼻汁・喀痰） | I116: =IF(G116=H116,"○","×") -> ○
A117: D005 | B117: 血液形態・機能検査 | C117: 160143350 | D117: デオキシチミジンキナーゼ（ＴＫ）活性 | E117: 274 | F117: =VLOOKUP(C117,入院!$C$5:$F$1463,4,0) -> 24 | G117: デオキシチミジンキナーゼ（ＴＫ）活性 | H117: =VLOOKUP(C117,入院!$C$5:$F$1463,2,0) -> デオキシチミジンキナーゼ（ＴＫ）活性 | I117: =IF(G117=H117,"○","×") -> ○
A118: D005 | B118: 血液形態・機能検査 | C118: 160191510 | D118: 末梢血液像（自動機械法） | E118: 45878705 | F118: =VLOOKUP(C118,入院!$C$5:$F$1463,4,0) -> 32253887 | G118: 末梢血液像（自動機械法） | H118: =VLOOKUP(C118,入院!$C$5:$F$1463,2,0) -> 末梢血液像（自動機械法） | I118: =IF(G118=H118,"○","×") -> ○
A119: D005 | B119: 血液形態・機能検査 | C119: 160228250 | D119: ＤＮＡ含有赤血球計数検査 | E119: - | F119: =VLOOKUP(C119,入院!$C$5:$F$1463,4,0) -> - | G119: ＤＮＡ含有赤血球計数検査 | H119: =VLOOKUP(C119,入院!$C$5:$F$1463,2,0) -> ＤＮＡ含有赤血球計数検査 | I119: =IF(G119=H119,"○","×") -> ○
A120: D006 | B120: 出血・凝固検査 | C120: 160011410 | D120: 出血時間 | E120: 229573 | F120: =VLOOKUP(C120,入院!$C$5:$F$1463,4,0) -> 107718 | G120: 出血時間 | H120: =VLOOKUP(C120,入院!$C$5:$F$1463,2,0) -> 出血時間 | I120: =IF(G120=H120,"○","×") -> ○
A121: D006 | B121: 出血・凝固検査 | C121: 160011610 | D121: 毛細血管抵抗試験 | E121: 243 | F121: =VLOOKUP(C121,入院!$C$5:$F$1463,4,0) -> 466 | G121: 毛細血管抵抗試験 | H121: =VLOOKUP(C121,入院!$C$5:$F$1463,2,0) -> 毛細血管抵抗試験 | I121: =IF(G121=H121,"○","×") -> ○
A122: D006 | B122: 出血・凝固検査 | C122: 160011810 | D122: 血餅収縮能 | E122: 171 | F122: =VLOOKUP(C122,入院!$C$5:$F$1463,4,0) -> 70 | G122: 血餅収縮能 | H122: =VLOOKUP(C122,入院!$C$5:$F$1463,2,0) -> 血餅収縮能 | I122: =IF(G122=H122,"○","×") -> ○
A123: D006 | B123: 出血・凝固検査 | C123: 160012010 | D123: プロトロンビン時間（ＰＴ） | E123: 18147429 | F123: =VLOOKUP(C123,入院!$C$5:$F$1463,4,0) -> 14081850 | G123: プロトロンビン時間（ＰＴ） | H123: =VLOOKUP(C123,入院!$C$5:$F$1463,2,0) -> プロトロンビン時間（ＰＴ） | I123: =IF(G123=H123,"○","×") -> ○
A124: D006 | B124: 出血・凝固検査 | C124: 160012110 | D124: トロンビン時間 | E124: 2992 | F124: =VLOOKUP(C124,入院!$C$5:$F$1463,4,0) -> 3147 | G124: トロンビン時間 | H124: =VLOOKUP(C124,入院!$C$5:$F$1463,2,0) -> トロンビン時間 | I124: =IF(G124=H124,"○","×") -> ○
A125: D006 | B125: 出血・凝固検査 | C125: 160012310 | D125: 活性化部分トロンボプラスチン時間（ＡＰＴＴ） | E125: 13277328 | F125: =VLOOKUP(C125,入院!$C$5:$F$1463,4,0) -> 13490551 | G125: 活性化部分トロンボプラスチン時間（ＡＰＴＴ） | H125: =VLOOKUP(C125,入院!$C$5:$F$1463,2,0) -> 活性化部分トロンボプラスチン時間（ＡＰＴＴ） | I125: =IF(G125=H125,"○","×") -> ○
A126: D006 | B126: 出血・凝固検査 | C126: 160012610 | D126: フィブリノゲン半定量 | E126: 1739258 | F126: =VLOOKUP(C126,入院!$C$5:$F$1463,4,0) -> 2562681 | G126: フィブリノゲン半定量 | H126: =VLOOKUP(C126,入院!$C$5:$F$1463,2,0) -> フィブリノゲン半定量 | I126: =IF(G126=H126,"○","×") -> ○
A127: D006 | B127: 出血・凝固検査 | C127: 160012750 | D127: 蛇毒試験 | E127: - | F127: =VLOOKUP(C127,入院!$C$5:$F$1463,4,0) -> - | G127: 蛇毒試験 | H127: =VLOOKUP(C127,入院!$C$5:$F$1463,2,0) -> 蛇毒試験 | I127: =IF(G127=H127,"○","×") -> ○
A128: D006 | B128: 出血・凝固検査 | C128: 160012850 | D128: ヘパリン抵抗試験 | E128: 82 | F128: =VLOOKUP(C128,入院!$C$5:$F$1463,4,0) -> 6520 | G128: ヘパリン抵抗試験 | H128: =VLOOKUP(C128,入院!$C$5:$F$1463,2,0) -> ヘパリン抵抗試験 | I128: =IF(G128=H128,"○","×") -> ○
A129: D006 | B129: 出血・凝固検査 | C129: 160013110 | D129: 血小板粘着能 | E129: 2593 | F129: =VLOOKUP(C129,入院!$C$5:$F$1463,4,0) -> 247 | G129: 血小板粘着能 | H129: =VLOOKUP(C129,入院!$C$5:$F$1463,2,0) -> 血小板粘着能 | I129: =IF(G129=H129,"○","×") -> ○
A130: D006 | B130: 出血・凝固検査 | C130: 160013310 | D130: フィブリンモノマー複合体定性 | E130: 29597 | F130: =VLOOKUP(C130,入院!$C$5:$F$1463,4,0) -> 106502 | G130: フィブリンモノマー複合体定性 | H130: =VLOOKUP(C130,入院!$C$5:$F$1463,2,0) -> フィブリンモノマー複合体定性 | I130: =IF(G130=H130,"○","×") -> ○
...

Sheet 外来
A1: 診療年月：2024年04月～2025年03月 D 検査 外来 ※集計結果が10未満の場合は「‐」で表示（10未満の箇所が1箇所の場合は10以上の最小値を全て「‐」で表示）※集計対象期間内に名称や点数・金額等に変更がある場合、変更後の情報で表示
A3: 分類 コード | B3: 分類名称 | C3: 診療行為 コード | D3: 診療行為 | E3: 点数 | F3: 総計 (算定回数) | G3: 4月 | H3: 5月 | I3: 6月 | J3: 7月 | K3: 8月 | L3: 9月 | M3: 10月 | N3: 11月 | O3: 12月 | P3: 1月 | Q3: 2月 | R3: 3月
A5: D000 | B5: 尿中一般物質定性半定量検査 | C5: 160000310 | D5: 尿中一般物質定性半定量検査 | E5: 26 | F5: 69013004 | G5: 6078970 | H5: 5883542 | I5: 5759955 | J5: 5981129 | K5: 5561140 | L5: 5613624 | M5: 5990603 | N5: 5638445 | O5: 5734836 | P5: 5553441 | Q5: 5339619 | R5: 5877700
A6: D001 | B6: 尿中特殊物質定性定量検査 | C6: 160000410 | D6: 尿蛋白 | E6: 7 | F6: 3032343 | G6: 256381 | H6: 247698 | I6: 251084 | J6: 265035 | K6: 244527 | L6: 248771 | M6: 265490 | N6: 247491 | O6: 252470 | P6: 246795 | Q6: 239879 | R6: 266722
A7: D001 | B7: 尿中特殊物質定性定量検査 | C7: 160001310 | D7: ＶＭＡ定性（尿） | E7: 9 | F7: 1247 | G7: 119 | H7: 120 | I7: 94 | J7: 74 | K7: 69 | L7: 95 | M7: 117 | N7: 133 | O7: 103 | P7: 110 | Q7: 117 | R7: 96
A8: D001 | B8: 尿中特殊物質定性定量検査 | C8: 160001710 | D8: 尿グルコース | E8: 9 | F8: 319114 | G8: 35631 | H8: 33454 | I8: 32334 | J8: 33199 | K8: 27839 | L8: 26569 | M8: 26108 | N8: 23591 | O8: 22237 | P8: 19833 | Q8: 18736 | R8: 19583
A9: D001 | B9: 尿中特殊物質定性定量検査 | C9: 160003650 | D9: Ｒｉｍｉｎｇｔｏｎ反応 | E9: 17 | F9: 12 | G9: - | H9: - | I9: 0 | J9: - | K9: - | L9: - | M9: - | N9: - | O9: - | P9: - | Q9: - | R9: -
A10: D001 | B10: 尿中特殊物質定性定量検査 | C10: 160003750 | D10: Ｄｅａｎａｎｄ Ｂａｒｎｅｓ反応 | E10: 17 | F10: - | G10: - | H10: - | I10: - | J10: - | K10: - | L10: - | M10: - | N10: - | O10: - | P10: - | Q10: - | R10: -
A11: D001 | B11: 尿中特殊物質定性定量検査 | C11: 160003910 | D11: 尿浸透圧 | E11: 16 | F11: 80419 | G11: 6890 | H11: 6655 | I11: 7366 | J11: 7791 | K11: 7399 | L11: 6636 | M11: 6733 | N11: 6385 | O11: 6162 | P11: 5905 | Q11: 5846 | R11: 6651
A12: D001 | B12: 尿中特殊物質定性定量検査 | C12: 160004110 | D12: Ｎ－アセチルグルコサミニダーゼ（ＮＡＧ）（尿） | E12: 41 | F12: 244672 | G12: 21302 | H12: 19541 | I12: 20433 | J12: 22665 | K12: 20643 | L12: 20677 | M12: 21735 | N12: 20236 | O12: 20046 | P12: 18958 | Q12: 18172 | R12: 20264
A13: D001 | B13: 尿中特殊物質定性定量検査 | C13: 160004310 | D13: 黄体形成ホルモン（ＬＨ）定性（尿） | E13: 72 | F13: 368651 | G13: 31654 | H13: 29906 | I13: 30928 | J13: 32598 | K13: 29316 | L13: 30417 | M13: 33176 | N13: 31626 | O13: 29210 | P13: 28520 | Q13: 28901 | R13: 32399
A14: D001 | B14: 尿中特殊物質定性定量検査 | C14: 160004510 | D14: フィブリン・フィブリノゲン分解産物（ＦＤＰ）（尿） | E14: 72 | F14: 4365 | G14: 379 | H14: 347 | I14: 366 | J14: 428 | K14: 444 | L14: 408 | M14: 357 | N14: 332 | O14: 338 | P14: 315 | Q14: 295 | R14: 356
A15: D001 | B15: 尿中特殊物質定性定量検査 | C15: 160004610 | D15: δアミノレブリン酸（δ－ＡＬＡ）（尿） | E15: 106 | F15: 401 | G15: 35 | H15: 41 | I15: 33 | J15: 31 | K15: 29 | L15: 24 | M15: 29 | N15: 27 | O15: 29 | P15: 49 | Q15: 35 | R15: 39
A16: D001 | B16: 尿中特殊物質定性定量検査 | C16: 160004810 | D16: アルブミン定量（尿） | E16: 99 | F16: 3271383 | G16: 291436 | H16: 271823 | I16: 271490 | J16: 277211 | K16: 251105 | L16: 260602 | M16: 282879 | N16: 260076 | O16: 270908 | P16: 272439 | Q16: 265097 | R16: 296317
A17: D001 | B17: 尿中特殊物質定性定量検査 | C17: 160111710 | D17: ウロビリノゲン（尿） | E17: 16 | F17: 2196 | G17: 126 | H17: 146 | I17: 166 | J17: 222 | K17: 212 | L17: 217 | M17: 232 | N17: 166 | O17: 175 | P17: 172 | Q17: 155 | R17: 207
A18: D001 | B18: 尿中特殊物質定性定量検査 | C18: 160111810 | D18: 先天性代謝異常症スクリーニングテスト（尿） | E18: 16 | F18: 44 | G18: 0 | H18: - | I18: - | J18: - | K18: - | L18: - | M18: - | N18: 10 | O18: - | P18: - | Q18: - | R18: -
A19: D001 | B19: 尿中特殊物質定性定量検査 | C19: 160112010 | D19: アルブミン定性（尿） | E19: 49 | F19: 307675 | G19: 28367 | H19: 25524 | I19: 26059 | J19: 26407 | K19: 24381 | L19: 24423 | M19: 26916 | N19: 24246 | O19: 25507 | P19: 25064 | Q19: 23922 | R19: 26859
A20: D001 | B20: 尿中特殊物質定性定量検査 | C20: 160112110 | D20: ポルフォビリノゲン（尿） | E20: 186 | F20: 140 | G20: 15 | H20: 14 | I20: 13 | J20: - | K20: 12 | L20: - | M20: 14 | N20: 10 | O20: - | P20: 13 | Q20: 10 | R20: 13
A21: D001 | B21: 尿中特殊物質定性定量検査 | C21: 160112210 | D21: ウロポルフィリン（尿） | E21: 105 | F21: 661 | G21: 62 | H21: 53 | I21: 70 | J21: 65 | K21: 62 | L21: 56 | M21: 57 | N21: 36 | O21: 39 | P21: 47 | Q21: 49 | R21: 65
A22: D001 | B22: 尿中特殊物質定性定量検査 | C22: 160112310 | D22: コプロポルフィリン（尿） | E22: 131 | F22: 363 | G22: 27 | H22: 27 | I22: 38 | J22: 34 | K22: 37 | L22: 21 | M22: 34 | N22: 22 | O22: 23 | P22: 24 | Q22: 34 | R22: 42
A23: D001 | B23: 尿中特殊物質定性定量検査 | C23: 160134350 | D23: ポリアミン（尿） | E23: 115 | F23: - | G23: 0 | H23: 0 | I23: 0 | J23: 0 | K23: - | L23: 0 | M23: 0 | N23: 0 | O23: 0 | P23: - | Q23: 0 | R23: -
A24: D001 | B24: 尿中特殊物質定性定量検査 | C24: 160156710 | D24: ポルフィリン症スクリーニングテスト（尿） | E24: 17 | F24: - | G24: 0 | H24: 0 | I24: 0 | J24: - | K24: - | L24: - | M24: 0 | N24: 0 | O24: 0 | P24: 0 | Q24: 0 | R24: 0
A25: D001 | B25: 尿中特殊物質定性定量検査 | C25: 160157750 | D25: トランスフェリン（尿） | E25: 98 | F25: 5099 | G25: 447 | H25: 464 | I25: 413 | J25: 442 | K25: 446 | L25: 406 | M25: 432 | N25: 410 | O25: 382 | P25: 421 | Q25: 420 | R25: 416
A26: D001 | B26: 尿中特殊物質定性定量検査 | C26: 160169250 | D26: ４型コラーゲン（尿） | E26: 184 | F26: 2516 | G26: 225 | H26: 233 | I26: 199 | J26: 202 | K26: 174 | L26: 178 | M26: 258 | N26: 223 | O26: 185 | P26: 213 | Q26: 190 | R26: 236
A27: D001 | B27: 尿中特殊物質定性定量検査 | C27: 160176350 | D27: クレアチニン試験紙法（尿）（蛋白／クレアチニン比） | E27: 11 | F27: 315581 | G27: 27396 | H27: 26245 | I27: 26398 | J27: 27551 | K27: 25359 | L27: 25779 | M27: 27873 | N27: 26052 | O27: 26783 | P27: 25507 | Q27: 24240 | R27: 26398
A28: D001 | B28: 尿中特殊物質定性定量検査 | C28: 160189250 | D28: Ｌ型脂肪酸結合蛋白（Ｌ－ＦＡＢＰ）（尿） | E28: 210 | F28: 88871 | G28: 7712 | H28: 7394 | I28: 7176 | J28: 7822 | K28: 7337 | L28: 7549 | M28: 7751 | N28: 7332 | O28: 7599 | P28: 7157 | Q28: 6674 | R28: 7368
A29: D001 | B29: 尿中特殊物質定性定量検査 | C29: 160189950 | D29: 総ヨウ素（尿） | E29: 186 | F29: 256 | G29: 20 | H29: 10 | I29: 10 | J29: 16 | K29: - | L29: 13 | M29: 11 | N29: - | O29: - | P29: 35 | Q29: 54 | R29: 66
A30: D001 | B30: 尿中特殊物質定性定量検査 | C30: 160209650 | D30: 好中球ゼラチナーゼ結合性リポカリン（ＮＧＡＬ）（尿） | E30: 210 | F30: 1879 | G30: 171 | H30: 170 | I30: 159 | J30: 190 | K30: 176 | L30: 163 | M30: 158 | N30: 156 | O30: 132 | P30: 146 | Q30: 129 | R30: 129
A31: D001 | B31: 尿中特殊物質定性定量検査 | C31: 160210610 | D31: シュウ酸（尿） | E31: 200 | F31: 130 | G31: 12 | H31: 12 | I31: 13 | J31: 11 | K31: 11 | L31: 10 | M31: 16 | N31: 10 | O31: - | P31: 11 | Q31: 13 | R31: -
A32: D001 | B32: 尿中特殊物質定性定量検査 | C32: 160224650 | D32: トリプシノーゲン２（尿） | E32: 105 | F32: 1216 | G32: 101 | H32: 93 | I32: 128 | J32: 100 | K32: 94 | L32: 90 | M32: 98 | N32: 87 | O32: 94 | P32: 105 | Q32: 107 | R32: 119
A33: D001 | B33: 尿中特殊物質定性定量検査 | C33: 160237350 | D33: プロスタグランジンＥ主要代謝物（尿） | E33: 187 | F33: 956 | G33: 58 | H33: 66 | I33: 48 | J33: 68 | K33: 66 | L33: 93 | M33: 86 | N33: 91 | O33: 101 | P33: 89 | Q33: 100 | R33: 90
A34: D002 | B34: 尿沈渣（鏡検法） | C34: 160005010 | D34: 尿沈渣（鏡検法） | E34: 27 | F34: 18290110 | G34: 1578547 | H34: 1537629 | I34: 1518747 | J34: 1616299 | K34: 1492309 | L34: 1511716 | M34: 1614806 | N34: 1507504 | O34: 1532521 | P34: 1466036 | Q34: 1385836 | R34: 1528160
A35: D002-2 | B35: 尿沈渣（フローサイトメトリー法） | C35: 160159550 | D35: 尿沈渣（フローサイトメトリー法） | E35: 24 | F35: 3669858 | G35: 298843 | H35: 296095 | I35: 292234 | J35: 319341 | K35: 298651 | L35: 302120 | M35: 327632 | N35: 309010 | O35: 316157 | P35: 305184 | Q35: 287267 | R35: 317324
A36: D003 | B36: 糞便検査 | C36: 160005510 | D36: 糞便塗抹顕微鏡検査（虫卵、脂肪及び消化状況観察を含む。） | E36: 20 | F36: 7848 | G36: 611 | H36: 731 | I36: 758 | J36: 801 | K36: 660 | L36: 686 | M36: 646 | N36: 633 | O36: 526 | P36: 559 | Q36: 556 | R36: 681
A37: D003 | B37: 糞便検査 | C37: 160005710 | D37: 虫卵検出（集卵法）（糞便） | E37: 15 | F37: 2917 | G37: 228 | H37: 277 | I37: 303 | J37: 297 | K37: 246 | L37: 265 | M37: 277 | N37: 238 | O37: 212 | P37: 192 | Q37: 185 | R37: 197
A38: D003 | B38: 糞便検査 | C38: 160006310 | D38: 糞便中脂質 | E38: 25 | F38: 78 | G38: - | H38: - | I38: - | J38: - | K38: - | L38: 13 | M38: - | N38: 13 | O38: - | P38: - | Q38: - | R38: -
A39: D003 | B39: 糞便検査 | C39: 160006410 | D39: 虫体検出（糞便） | E39: 23 | F39: 1494 | G39: 133 | H39: 135 | I39: 180 | J39: 150 | K39: 104 | L39: 121 | M39: 124 | N39: 95 | O39: 107 | P39: 133 | Q39: 88 | R39: 124
A40: D003 | B40: 糞便検査 | C40: 160006510 | D40: 糞便中ヘモグロビン定性 | E40: 37 | F40: 1095364 | G40: 100799 | H40: 99496 | I40: 98046 | J40: 100791 | K40: 85994 | L40: 98996 | M40: 106285 | N40: 93065 | O40: 75438 | P40: 70572 | Q40: 76608 | R40: 89274
A41: D003 | B41: 糞便検査 | C41: 160006710 | D41: 虫卵培養（糞便） | E41: 40 | F41: 406 | G41: 33 | H41: 40 | I41: 45 | J41: 43 | K41: 26 | L41: 28 | M41: 24 | N41: 42 | O41: 31 | P41: 32 | Q41: 26 | R41: 36
A42: D003 | B42: 糞便検査 | C42: 160006810 | D42: 糞便中ヘモグロビン | E42: 41 | F42: 429405 | G42: 39529 | H42: 38909 | I42: 39702 | J42: 38884 | K42: 32104 | L42: 37733 | M42: 41641 | N42: 36240 | O42: 30221 | P42: 28929 | Q42: 29791 | R42: 35722
A43: D003 | B43: 糞便検査 | C43: 160112610 | D43: ウロビリン（糞便） | E43: 15 | F43: - | G43: - | H43: - | I43: 0 | J43: 0 | K43: - | L43: 0 | M43: - | N43: - | O43: 0 | P43: - | Q43: 0 | R43: 0
A44: D003 | B44: 糞便検査 | C44: 160113110 | D44: 糞便中ヘモグロビン及びトランスフェリン定性・定量 | E44: 56 | F44: 112030 | G44: 10916 | H44: 10183 | I44: 9899 | J44: 10180 | K44: 8838 | L44: 9928 | M44: 10474 | N44: 9499 | O44: 7994 | P44: 7285 | Q44: 7645 | R44: 9189
A45: D003 | B45: 糞便検査 | C45: 160210050 | D45: カルプロテクチン（糞便） | E45: 268 | F45: 72831 | G45: 5620 | H45: 5624 | I45: 6052 | J45: 6211 | K45: 5692 | L45: 6121 | M45: 6620 | N45: 5855 | O45: 6257 | P45: 6210 | Q45: 5745 | R45: 6824
A46: D004 | B46: 穿刺液・採取液検査 | C46: 160058050 | D46: ヒューナー検査 | E46: 20 | F46: 51789 | G46: 4696 | H46: 4202 | I46: 4658 | J46: 4645 | K46: 4089 | L46: 4219 | M46: 4439 | N46: 4313 | O46: 4067 | P46: 3746 | Q46: 4098 | R46: 4617
A47: D004 | B47: 穿刺液・採取液検査 | C47: 160060910 | D47: 精液一般検査 | E47: 70 | F47: 218616 | G47: 17480 | H47: 16607 | I47: 18703 | J47: 18130 | K47: 17693 | L47: 17793 | M47: 19169 | N47: 18362 | O47: 17592 | P47: 16814 | Q47: 19155 | R47: 21118
A48: D004 | B48: 穿刺液・採取液検査 | C48: 160061010 | D48: 胃液又は十二指腸液一般検査 | E48: 55 | F48: 342 | G48: 24 | H48: 46 | I48: 32 | J48: 31 | K48: 28 | L48: 22 | M48: 29 | N48: 23 | O48: 30 | P48: 22 | Q48: 28 | R48: 27
A49: D004 | B49: 穿刺液・採取液検査 | C49: 160061110 | D49: 髄液一般検査 | E49: 62 | F49: 29292 | G49: 2416 | H49: 2399 | I49: 2535 | J49: 2628 | K49: 2465 | L49: 2405 | M49: 2613 | N49: 2343 | O49: 2535 | P49: 2376 | Q49: 2196 | R49: 2381
A50: D004 | B50: 穿刺液・採取液検査 | C50: 160061210 | D50: 頸管粘液一般検査 | E50: 75 | F50: 384821 | G50: 33061 | H50: 32021 | I50: 32549 | J50: 34048 | K50: 30981 | L50: 32626 | M50: 34531 | N50: 32728 | O50: 30256 | P50: 29038 | Q50: 29843 | R50: 33139
A51: D004 | B51: 穿刺液・採取液検査 | C51: 160163150 | D51: 顆粒球エラスターゼ（子宮頸管粘液） | E51: 116 | F51: 5578 | G51: 455 | H51: 499 | I51: 485 | J51: 543 | K51: 533 | L51: 457 | M51: 490 | N51: 432 | O51: 409 | P51: 406 | Q51: 409 | R51: 460
A52: D004 | B52: 穿刺液・採取液検査 | C52: 160167150 | D52: 顆粒球エラスターゼ定性（子宮頸管粘液） | E52: 100 | F52: 5534 | G52: 461 | H52: 441 | I52: 453 | J52: 534 | K52: 463 | L52: 454 | M52: 463 | N52: 481 | O52: 475 | P52: 458 | Q52: 384 | R52: 467
A53: D004 | B53: 穿刺液・採取液検査 | C53: 160177810 | D53: ＩｇＧインデックス | E53: 390 | F53: 3535 | G53: 288 | H53: 287 | I53: 315 | J53: 316 | K53: 319 | L53: 310 | M53: 290 | N53: 285 | O53: 320 | P53: 243 | Q53: 277 | R53: 285
A54: D004 | B54: 穿刺液・採取液検査 | C54: 160177910 | D54: ミエリン塩基性蛋白（ＭＢＰ）（髄液） | E54: 570 | F54: 1868 | G54: 139 | H54: 149 | I54: 151 | J54: 177 | K54: 155 | L54: 162 | M54: 160 | N54: 149 | O54: 166 | P54: 147 | Q54: 147 | R54: 166
A55: D004 | B55: 穿刺液・採取液検査 | C55: 160178010 | D55: オリゴクローナルバンド | E55: 522 | F55: 3955 | G55: 320 | H55: 320 | I55: 341 | J55: 367 | K55: 350 | L55: 340 | M55: 336 | N55: 315 | O55: 341 | P55: 269 | Q55: 323 | R55: 333
A56: D004 | B56: 穿刺液・採取液検査 | C56: 160182110 | D56: マイクロバブルテスト | E56: 200 | F56: - | G56: - | H56: - | I56: - | J56: - | K56: - | L56: - | M56: - | N56: - | O56: - | P56: - | Q56: - | R56: -
A57: D004 | B57: 穿刺液・採取液検査 | C57: 160184150 | D57: ＩｇＥ定性（涙液） | E57: 100 | F57: 46000 | G57: 4299 | H57: 4386 | I57: 4250 | J57: 4307 | K57: 3301 | L57: 3198 | M57: 3214 | N57: 2882 | O57: 3289 | P57: 3088 | Q57: 3466 | R57: 6320
A58: D004 | B58: 穿刺液・採取液検査 | C58: 160190610 | D58: リン酸化タウ蛋白（髄液） | E58: 641 | F58: 469 | G58: 48 | H58: 51 | I58: 42 | J58: 29 | K58: 41 | L58: 46 | M58: 47 | N58: 36 | O58: 19 | P58: 36 | Q58: 48 | R58: 26
A59: D004 | B59: 穿刺液・採取液検査 | C59: 160190710 | D59: タウ蛋白（髄液） | E59: 622 | F59: 405 | G59: 36 | H59: 50 | I59: 46 | J59: 39 | K59: 36 | L59: 23 | M59: 24 | N59: 38 | O59: 18 | P59: 35 | Q59: 28 | R59: 32
A60: D004 | B60: 穿刺液・採取液検査 | C60: 160230710 | D60: 関節液検査 | E60: 50 | F60: 56475 | G60: 4840 | H60: 4708 | I60: 4763 | J60: 5063 | K60: 4744 | L60: 4603 | M60: 4891 | N60: 4636 | O60: 4448 | P60: 4655 | Q60: 4223 | R60: 4901
A61: D004 | B61: 穿刺液・採取液検査 | C61: 160237150 | D61: アミロイドβ４２／４０比（髄液） | E61: 1282 | F61: 3245 | G61: 242 | H61: 245 | I61: 267 | J61: 276 | K61: 260 | L61: 248 | M61: 277 | N61: 268 | O61: 278 | P61: 317 | Q61: 259 | R61: 308
A62: D004-2 | B62: 悪性腫瘍組織検査 | C62: 160182210 | D62: 抗悪性腫瘍剤感受性検査 | E62: 2500 | F62: 105 | G62: - | H62: - | I62: - | J62: - | K62: - | L62: 11 | M62: 11 | N62: - | O62: - | P62: - | Q62: - | R62: -
A63: D004-2 | B63: 悪性腫瘍組織検査 | C63: 160220610 | D63: 悪性腫瘍組織検査（処理が容易なもの）（医薬品の適応判定の補助等に用いるもの）（肺癌におけるＥＧＦＲ遺伝子検査） | E63: 2500 | F63: 26208 | G63: 1866 | H63: 1971 | I63: 1986 | J63: 2210 | K63: 2174 | L63: 2212 | M63: 2434 | N63: 2327 | O63: 2434 | P63: 2164 | Q63: 2110 | R63: 2320
A64: D004-2 | B64: 悪性腫瘍組織検査 | C64: 160220710 | D64: 悪性腫瘍組織検査（処理が容易なもの）（医薬品の適応判定の補助等に用いるもの）（肺癌におけるＲＯＳ１融合遺伝子検査） | E64: 2500 | F64: 22865 | G64: 1584 | H64: 1731 | I64: 1729 | J64: 1964 | K64: 1917 | L64: 1958 | M64: 2160 | N64: 2050 | O64: 2120 | P64: 1866 | Q64: 1794 | R64: 1992
A65: D004-2 | B65: 悪性腫瘍組織検査 | C65: 160220810 | D65: 悪性腫瘍組織検査（処理が容易なもの）（医薬品の適応判定の補助等に用いるもの）（肺癌におけるＡＬＫ融合遺伝子検査） | E65: 2500 | F65: 23088 | G65: 1550 | H65: 1685 | I65: 1714 | J65: 1945 | K65: 1927 | L65: 1993 | M65: 2212 | N65: 2097 | O65: 2170 | P65: 1909 | Q65: 1838 | R65: 2048
A66: D004-2 | B66: 悪性腫瘍組織検査 | C66: 160220910 | D66: 悪性腫瘍組織検査（処理が容易なもの）（医薬品の適応判定の補助等に用いるもの）（大腸癌におけるＲＡＳ遺伝子検査） | E66: 2500 | F66: 34159 | G66: 2645 | H66: 2913 | I66: 2715 | J66: 2997 | K66: 2795 | L66: 2644 | M66: 3084 | N66: 2864 | O66: 2897 | P66: 3029 | Q66: 2612 | R66: 2964
A67: D004-2 | B67: 悪性腫瘍組織検査 | C67: 160221010 | D67: 悪性腫瘍組織検査（処理が容易なもの）（医薬品の適応判定の補助等に用いるもの）（大腸癌におけるＢＲＡＦ遺伝子検査） | E67: 2500 | F67: 33491 | G67: 2595 | H67: 2851 | I67: 2683 | J67: 2981 | K67: 2756 | L67: 2610 | M67: 3035 | N67: 2805 | O67: 2787 | P67: 2946 | Q67: 2542 | R67: 2900
A68: D004-2 | B68: 悪性腫瘍組織検査 | C68: 160221110 | D68: 悪性腫瘍組織検査（処理が容易なもの）（医薬品の適応判定の補助等に用いるもの）（乳癌におけるＨＥＲ２遺伝子検査） | E68: 2500 | F68: 905 | G68: 80 | H68: 75 | I68: 69 | J68: 95 | K68: 78 | L68: 75 | M68: 84 | N68: 55 | O68: 73 | P68: 70 | Q68: 68 | R68: 83
A69: D004-2 | B69: 悪性腫瘍組織検査 | C69: 160221310 | D69: 悪性腫瘍組織検査（処理が容易なもの）（その他のもの）（肺癌におけるＫＲＡＳ遺伝子検査） | E69: 2100 | F69: 2767 | G69: 142 | H69: 174 | I69: 187 | J69: 220 | K69: 221 | L69: 255 | M69: 309 | N69: 266 | O69: 271 | P69: 232 | Q69: 223 | R69: 267
A70: D004-2 | B70: 悪性腫瘍組織検査 | C70: 160221410 | D70: 悪性腫瘍組織検査（処理が容易なもの）（その他のもの）（膵癌におけるＫＲＡＳ遺伝子検査） | E70: 2100 | F70: 295 | G70: 37 | H70: 25 | I70: 30 | J70: 22 | K70: 22 | L70: 27 | M70: 21 | N70: 18 | O70: 32 | P70: 27 | Q70: 13 | R70: 21
A71: D004-2 | B71: 悪性腫瘍組織検査 | C71: 160221510 | D71: 悪性腫瘍組織検査（処理が容易なもの）（その他のもの）（悪性骨軟部組織腫瘍におけるＥＷＳ－Ｆｌｉ１遺伝子検査） | E71: 2100 | F71: 11 | G71: - | H71: - | I71: - | J71: - | K71: 0 | L71: 0 | M71: 0 | N71: - | O71: - | P71: - | Q71: - | R71: 0
A72: D004-2 | B72: 悪性腫瘍組織検査 | C72: 160221610 | D72: 悪性腫瘍組織検査（処理が容易なもの）（その他のもの）（悪性骨軟部組織腫瘍におけるＴＬＳ－ＣＨＯＰ遺伝子検査） | E72: 2100 | F72: 15 | G72: 0 | H72: - | I72: - | J72: - | K72: 0 | L72: - | M72: - | N72: - | O72: - | P72: - | Q72: 0 | R72: -
A73: D004-2 | B73: 悪性腫瘍組織検査 | C73: 160221710 | D73: 悪性腫瘍組織検査（処理が容易なもの）（その他のもの）（悪性骨軟部組織腫瘍におけるＳＹＴ－ＳＳＸ遺伝子検査） | E73: 2100 | F73: 10 | G73: - | H73: - | I73: - | J73: - | K73: 0 | L73: 0 | M73: 0 | N73: - | O73: 0 | P73: 0 | Q73: - | R73: -
A74: D004-2 | B74: 悪性腫瘍組織検査 | C74: 160221810 | D74: 悪性腫瘍組織検査（処理が容易なもの）（その他のもの）（消化管間葉系腫瘍におけるｃ－ｋｉｔ遺伝子検査） | E74: 2100 | F74: 205 | G74: 21 | H74: 19 | I74: 17 | J74: 20 | K74: - | L74: - | M74: 26 | N74: 17 | O74: 14 | P74: 19 | Q74: 17 | R74: 16
A75: D004-2 | B75: 悪性腫瘍組織検査 | C75: 160221910 | D75: 悪性腫瘍組織検査（処理が容易なもの）（その他のもの）（悪性黒色腫におけるセンチネルリンパ節生検に係る遺伝子検査） | E75: 2100 | F75: - | G75: - | H75: - | I75: - | J75: - | K75: - | L75: - | M75: - | N75: - | O75: - | P75: - | Q75: - | R75: -
A76: D004-2 | B76: 悪性腫瘍組織検査 | C76: 160222010 | D76: 悪性腫瘍組織検査（処理が容易なもの）（その他のもの）（大腸癌におけるＥＧＦＲ遺伝子検査） | E76: 2100 | F76: 118 | G76: 13 | H76: 17 | I76: - | J76: 17 | K76: 13 | L76: 20 | M76: - | N76: - | O76: - | P76: - | Q76: - | R76: -
A77: D004-2 | B77: 悪性腫瘍組織検査 | C77: 160222110 | D77: 悪性腫瘍組織検査（処理が容易なもの）（その他のもの）（大腸癌におけるＫＲＡＳ遺伝子検査） | E77: 2100 | F77: 520 | G77: 45 | H77: 43 | I77: 61 | J77: 53 | K77: 45 | L77: 37 | M77: 50 | N77: 36 | O77: 44 | P77: 31 | Q77: 40 | R77: 35
A78: D004-2 | B78: 悪性腫瘍組織検査 | C78: 160222210 | D78: 悪性腫瘍組織検査（処理が容易なもの）（その他のもの）（リンチ症候群におけるマイクロサテライト不安定性検査） | E78: 2100 | F78: 1191 | G78: 89 | H78: 116 | I78: 120 | J78: 93 | K78: 93 | L78: 85 | M78: 114 | N78: 106 | O78: 100 | P78: 117 | Q78: 90 | R78: 68
A79: D004-2 | B79: 悪性腫瘍組織検査 | C79: 160222310 | D79: 悪性腫瘍組織検査（処理が複雑なもの）（肺癌におけるＢＲＡＦ遺伝子検査（次世代シーケンシング）） | E79: 5000 | F79: 22486 | G79: 1513 | H79: 1659 | I79: 1669 | J79: 1914 | K79: 1881 | L79: 1939 | M79: 2142 | N79: 2042 | O79: 2103 | P79: 1856 | Q79: 1784 | R79: 1984
A80: D004-2 | B80: 悪性腫瘍組織検査 | C80: 160222410 | D80: 悪性腫瘍組織検査（処理が複雑なもの）（悪性黒色腫におけるＢＲＡＦ遺伝子検査（リアルタイムＰＣＲ法）） | E80: 5000 | F80: 929 | G80: 74 | H80: 85 | I80: 76 | J80: 96 | K80: 86 | L80: 71 | M80: 82 | N80: 88 | O80: 76 | P80: 68 | Q80: 66 | R80: 61
A81: D004-2 | B81: 悪性腫瘍組織検査 | C81: 160222510 | D81: 悪性腫瘍組織検査（処理が複雑なもの）（固形癌におけるＮＴＲＫ融合遺伝子検査） | E81: 5000 | F81: 126 | G81: - | H81: - | I81: 10 | J81: - | K81: - | L81: - | M81: 17 | N81: - | O81: 12 | P81: - | Q81: 18 | R81: 22
A82: D004-2 | B82: 悪性腫瘍組織検査 | C82: 160223650 | D82: 悪性腫瘍組織検査（処理が複雑なもの）（肺癌におけるＭＥＴｅｘ１４遺伝子検査（次世代シーケンシング）） | E82: 5000 | F82: 7981 | G82: 208 | H82: 266 | I82: 349 | J82: 540 | K82: 607 | L82: 727 | M82: 915 | N82: 884 | O82: 928 | P82: 816 | Q82: 819 | R82: 922
A83: D004-2 | B83: 悪性腫瘍組織検査 | C83: 160225050 | D83: 悪性腫瘍組織検査（処理容易）（医薬品適応判定補助等）リンチ症候群のマイクロサテライト不安定性検査（体外診断用医薬品を用いる場合） | E83: 2500 | F83: 3488 | G83: 315 | H83: 317 | I83: 272 | J83: 358 | K83: 295 | L83: 304 | M83: 317 | N83: 263 | O83: 232 | P83: 279 | Q83: 255 | R83: 281
A84: D004-2 | B84: 悪性腫瘍組織検査 | C84: 160226950 | D84: 悪性腫瘍組織検査（処理が複雑なもの）（胆道癌におけるＦＧＦＲ２融合遺伝子検査） | E84: 5000 | F84: 41 | G84: - | H84: 0 | I84: 0 | J84: 0 | K84: 0 | L84: 0 | M84: - | N84: 0 | O84: - | P84: - | Q84: 12 | R84: 12
A85: D004-2 | B85: 悪性腫瘍組織検査 | C85: 160228450 | D85: 悪性腫瘍組織検査（処理が容易なもの）（医薬品の適応判定の補助等に用いるもの）（固形癌におけるマイクロサテライト不安定性検査） | E85: 2500 | F85: 34940 | G85: 2780 | H85: 2967 | I85: 2912 | J85: 3140 | K85: 2893 | L85: 2642 | M85: 3195 | N85: 2978 | O85: 3004 | P85: 2922 | Q85: 2589 | R85: 2918
A86: D004-2 | B86: 悪性腫瘍組織検査 | C86: 160228550 | D86: 悪性腫瘍組織検査（処理が容易なもの）（医薬品の適応判定の補助等に用いるもの）（濾胞性リンパ腫におけるＥＺＨ２遺伝子検査） | E86: 2500 | F86: 444 | G86: 42 | H86: 34 | I86: 31 | J86: 41 | K86: 47 | L86: 33 | M86: 31 | N86: 42 | O86: 38 | P86: 42 | Q86: 33 | R86: 30
A87: D004-2 | B87: 悪性腫瘍組織検査 | C87: 160229350 | D87: 悪性腫瘍組織検査（処理が複雑なもの）（肺癌におけるＲＥＴ融合遺伝子検査） | E87: 5000 | F87: 21865 | G87: 1465 | H87: 1591 | I87: 1617 | J87: 1846 | K87: 1830 | L87: 1892 | M87: 2094 | N87: 1988 | O87: 2050 | P87: 1810 | Q87: 1748 | R87: 1934
A88: D004-2 | B88: 悪性腫瘍組織検査 | C88: 160230150 | D88: 悪性腫瘍組織検査（処理が容易）（医薬品の適応判定の補助等）（肺癌におけるＢＲＡＦ遺伝子検査（次世代シーケンシングを除く。）） | E88: 2500 | F88: 115 | G88: - | H88: - | I88: - | J88: - | K88: 11 | L88: 16 | M88: - | N88: 13 | O88: 13 | P88: 12 | Q88: 10 | R88: -
A89: D004-2 | B89: 悪性腫瘍組織検査 | C89: 160230250 | D89: 悪性腫瘍組織検査（処理が容易）（医薬品適応判定の補助等）（肺癌におけるＭＥＴｅｘ１４遺伝子検査（次世代シーケンシングを除く。）） | E89: 2500 | F89: 312 | G89: 37 | H89: 21 | I89: 17 | J89: 36 | K89: 20 | L89: 31 | M89: 31 | N89: 19 | O89: 29 | P89: 25 | Q89: 26 | R89: 20
A90: D004-2 | B90: 悪性腫瘍組織検査 | C90: 160230610 | D90: 悪性腫瘍組織検査（処理が複雑なもの）（腫瘍遺伝子変異量検査） | E90: 5000 | F90: 22 | G90: - | H90: - | I90: - | J90: 0 | K90: 0 | L90: - | M90: - | N90: - | O90: - | P90: - | Q90: - | R90: -
A91: D004-2 | B91: 悪性腫瘍組織検査 | C91: 160233850 | D91: 悪性腫瘍組織検査（処理が複雑なもの）（甲状腺癌におけるＲＥＴ融合遺伝子検査） | E91: 5000 | F91: 1364 | G91: 92 | H91: 62 | I91: 131 | J91: 120 | K91: 108 | L91: 127 | M91: 111 | N91: 138 | O91: 133 | P91: 105 | Q91: 109 | R91: 128
A92: D004-2 | B92: 悪性腫瘍組織検査 | C92: 160233950 | D92: 悪性腫瘍組織検査（処理が複雑なもの）（甲状腺髄様癌におけるＲＥＴ遺伝子変異検査） | E92: 5000 | F92: 134 | G92: - | H92: - | I92: 14 | J92: 10 | K92: 15 | L92: - | M92: 13 | N92: - | O92: - | P92: 12 | Q92: - | R92: 21
A93: D004-2 | B93: 悪性腫瘍組織検査 | C93: 160234350 | D93: 悪性腫瘍組織検査（処理が容易なもの）（医薬品の適応判定の補助等に用いるもの）（肺癌におけるＫＲＡＳ遺伝子変異（Ｇ１２Ｃ）検査） | E93: 2500 | F93: 1276 | G93: 84 | H93: 107 | I93: 92 | J93: 95 | K93: 94 | L93: 107 | M93: 125 | N93: 118 | O93: 118 | P93: 98 | Q93: 104 | R93: 134
A94: D004-2 | B94: 悪性腫瘍組織検査 | C94: 160235550 | D94: 悪性腫瘍組織検査（処理が複雑なもの）（悪性黒色腫におけるＢＲＡＦ遺伝子検査（ＰＣＲ－ｒＳＳＯ法）） | E94: 5000 | F94: 106 | G94: - | H94: 12 | I94: - | J94: 12 | K94: 10 | L94: 12 | M94: 13 | N94: - | O94: - | P94: - | Q94: 10 | R94: -
A95: D004-2 | B95: 悪性腫瘍組織検査 | C95: 160236550 | D95: 悪性腫瘍組織検査（処理が複雑なもの）（肺癌におけるＨＥＲ２遺伝子検査（次世代シーケンシング）） | E95: 5000 | F95: 16685 | G95: 1154 | H95: 1196 | I95: 1234 | J95: 1405 | K95: 1399 | L95: 1441 | M95: 1539 | N95: 1535 | O95: 1570 | P95: 1410 | Q95: 1331 | R95: 1471
A96: D004-2 | B96: 悪性腫瘍組織検査 | C96: 160236950 | D96: 悪性腫瘍組織検査（処理が複雑なもの）（固形腫瘍（肺癌及び大腸癌を除く。）におけるＢＲＡＦ遺伝子検査（ＰＣＲ－ｒＳＳＯ法）） | E96: 5000 | F96: 1111 | G96: 138 | H96: 115 | I96: 110 | J96: 91 | K96: 90 | L96: 70 | M96: 89 | N96: 89 | O96: 95 | P96: 65 | Q96: 75 | R96: 84
A97: D004-2 | B97: 悪性腫瘍組織検査 | C97: 160237050 | D97: 悪性腫瘍組織検査（処理が複雑なもの）（悪性リンパ腫におけるＢＲＡＦ遺伝子検査（ＰＣＲ－ｒＳＳＯ法）） | E97: 5000 | F97: 53 | G97: - | H97: - | I97: - | J97: - | K97: - | L97: - | M97: - | N97: - | O97: - | P97: - | Q97: - | R97: -
A98: D004-2 | B98: 悪性腫瘍組織検査 | C98: 160241150 | D98: 悪性腫瘍組織検査（処理が複雑なもの）（固形癌におけるＲＥＴ融合遺伝子検査） | E98: 5000 | F98: 114 | G98: 0 | H98: - | I98: - | J98: - | K98: - | L98: 14 | M98: 15 | N98: 13 | O98: 20 | P98: - | Q98: 12 | R98: 15
A99: D004-2 | B99: 悪性腫瘍組織検査 | C99: 160241250 | D99: 悪性腫瘍組織検査（処理が複雑なもの）（甲状腺癌におけるＢＲＡＦ遺伝子検査） | E99: 5000 | F99: 762 | G99: 0 | H99: 14 | I99: 59 | J99: 76 | K99: 62 | L99: 76 | M99: 74 | N99: 84 | O99: 83 | P99: 73 | Q99: 71 | R99: 90
A100: D004-2 | B100: 悪性腫瘍組織検査 | C100: 160241350 | D100: 悪性腫瘍組織検査（処理が複雑なもの）（乳癌におけるＡＫＴ１遺伝子変異検査） | E100: 5000 | F100: 38 | G100: 0 | H100: 0 | I100: 0 | J100: 0 | K100: 0 | L100: - | M100: - | N100: - | O100: - | P100: - | Q100: 10 | R100: 12
A101: D004-2 | B101: 悪性腫瘍組織検査 | C101: 160241450 | D101: 悪性腫瘍組織検査（処理が複雑なもの）（乳癌におけるＰＩＫ３ＣＡ遺伝子変異検査） | E101: 5000 | F101: 38 | G101: 0 | H101: 0 | I101: 0 | J101: 0 | K101: 0 | L101: - | M101: - | N101: - | O101: - | P101: - | Q101: 10 | R101: 12
A102: D004-2 | B102: 悪性腫瘍組織検査 | C102: 160241550 | D102: 悪性腫瘍組織検査（処理が複雑なもの）（乳癌におけるＰＴＥＮ遺伝子変異検査） | E102: 5000 | F102: 40 | G102: 0 | H102: 0 | I102: 0 | J102: 0 | K102: 0 | L102: - | M102: - | N102: - | O102: - | P102: - | Q102: 10 | R102: 13
...

Sheet 外来（加算）
A1: 診療年月：2024年04月～2025年03月 D 検査 外来（加算） ※集計結果が10未満の場合は「‐」で表示（10未満の箇所が1箇所の場合は10以上の最小値を全て「‐」で表示）※集計対象期間内に名称や点数・金額等に変更がある場合、変更後の情報で表示
A3: 加算 | D3: 診療行為 コード | E3: 診療行為 | F3: 点数 | G3: % (加減算) | H3: 総計 (算定回数) | I3: 4月 | J3: 5月 | K3: 6月 | L3: 7月 | M3: 8月 | N3: 9月 | O3: 10月 | P3: 11月 | Q3: 12月 | R3: 1月 | S3: 2月 | T3: 3月
A5: 通則加算・注加算 | D5: 160000190 | E5: 検査逓減 | G5: -10 | H5: 3976992 | I5: 334188 | J5: 336332 | K5: 325610 | L5: 365589 | M5: 318794 | N5: 318102 | O5: 368169 | P5: 335366 | Q5: 317407 | R5: 311892 | S5: 298065 | T5: 347478
D6: 160000210 | E6: 時間外緊急院内検査加算 | F6: 200 | H6: 4485406 | I6: 238021 | J6: 290199 | K6: 252734 | L6: 369343 | M6: 356257 | N6: 289221 | O6: 231070 | P6: 259550 | Q6: 761703 | R6: 860300 | S6: 298267 | T6: 278741
D7: 160005170 | E7: 染色標本加算 | F7: 9 | H7: 3490260 | I7: 302010 | J7: 293298 | K7: 289384 | L7: 310885 | M7: 287732 | N7: 289595 | O7: 308597 | P7: 286178 | Q7: 294494 | R7: 278071 | S7: 261378 | T7: 288638
D8: 160008470 | E8: 特殊染色加算（末梢血液像（鏡検法）・オキシダーゼ染色） | F8: 37 | H8: 128 | I8: 16 | J8: - | K8: 13 | L8: 11 | M8: 15 | N8: 15 | O8: - | P8: - | Q8: 10 | R8: - | S8: - | T8: -
D9: 160008570 | E9: 特殊染色加算（末梢血液像（鏡検法）・ペルオキシダーゼ染色） | F9: 37 | H9: 287 | I9: 34 | J9: 28 | K9: 21 | L9: 23 | M9: 28 | N9: 32 | O9: 33 | P9: 24 | Q9: 20 | R9: 14 | S9: 12 | T9: 18
D10: 160008670 | E10: 特殊染色加算（末梢血液像（鏡検法）・アルカリホスファターゼ染色） | F10: 37 | H10: 4445 | I10: 380 | J10: 358 | K10: 377 | L10: 416 | M10: 338 | N10: 345 | O10: 444 | P10: 359 | Q10: 363 | R10: 337 | S10: 339 | T10: 389
D11: 160008770 | E11: 特殊染色加算（末梢血液像（鏡検法）・パス染色） | F11: 37 | H11: 35 | I11: - | J11: - | K11: - | L11: - | M11: - | N11: - | O11: - | P11: - | Q11: - | R11: - | S11: - | T11: 0
D12: 160008870 | E12: 特殊染色加算（末梢血液像（鏡検法）・鉄染色） | F12: 37 | H12: 60 | I12: - | J12: - | K12: - | L12: - | M12: - | N12: - | O12: - | P12: - | Q12: - | R12: - | S12: - | T12: -
D13: 160008970 | E13: 特殊染色加算（末梢血液像（鏡検法）・超生体染色） | F13: 37 | H13: - | I13: 0 | J13: 0 | K13: - | L13: - | M13: - | N13: - | O13: - | P13: 0 | Q13: - | R13: - | S13: - | T13: -
D14: 160009170 | E14: 特殊染色加算（末梢血液像（鏡検法）・脂肪染色） | F14: 37 | H14: - | I14: - | J14: - | K14: - | L14: - | M14: - | N14: - | O14: - | P14: - | Q14: - | R14: - | S14: - | T14: -
D15: 160009270 | E15: 特殊染色加算（末梢血液像（鏡検法）・エステラーゼ染色） | F15: 37 | H15: 292 | I15: 32 | J15: 30 | K15: 27 | L15: 31 | M15: 27 | N15: 23 | O15: 34 | P15: 30 | Q15: 46 | R15: - | S15: - | T15: -
D16: 160010570 | E16: 特殊染色加算（骨髄像・オキシダーゼ染色） | F16: 60 | H16: 943 | I16: 80 | J16: 85 | K16: 68 | L16: 76 | M16: 68 | N16: 91 | O16: 83 | P16: 91 | Q16: 76 | R16: 56 | S16: 67 | T16: 102
D17: 160010670 | E17: 特殊染色加算（骨髄像・ペルオキシダーゼ染色） | F17: 60 | H17: 33543 | I17: 2797 | J17: 2912 | K17: 2788 | L17: 3141 | M17: 2792 | N17: 2757 | O17: 3175 | P17: 2775 | Q17: 2605 | R17: 2639 | S17: 2433 | T17: 2729
D18: 160010770 | E18: 特殊染色加算（骨髄像・アルカリホスファターゼ染色） | F18: 60 | H18: 935 | I18: 66 | J18: 75 | K18: 62 | L18: 104 | M18: 81 | N18: 84 | O18: 102 | P18: 77 | Q18: 71 | R18: 65 | S18: 76 | T18: 72
D19: 160010870 | E19: 特殊染色加算（骨髄像・パス染色） | F19: 60 | H19: 6904 | I19: 574 | J19: 588 | K19: 577 | L19: 661 | M19: 556 | N19: 591 | O19: 652 | P19: 545 | Q19: 505 | R19: 549 | S19: 543 | T19: 563
D20: 160010970 | E20: 特殊染色加算（骨髄像・鉄染色） | F20: 60 | H20: 17667 | I20: 1449 | J20: 1498 | K20: 1535 | L20: 1678 | M20: 1508 | N20: 1458 | O20: 1716 | P20: 1439 | Q20: 1325 | R20: 1345 | S20: 1260 | T20: 1456
D21: 160011070 | E21: 特殊染色加算（骨髄像・超生体染色） | F21: 60 | H21: 593 | I21: 62 | J21: 58 | K21: 46 | L21: 48 | M21: 39 | N21: 49 | O21: 56 | P21: 52 | Q21: 54 | R21: 49 | S21: 42 | T21: 38
D22: 160011270 | E22: 特殊染色加算（骨髄像・脂肪染色） | F22: 60 | H22: 242 | I22: 14 | J22: 20 | K22: 21 | L22: 33 | M22: 21 | N22: 19 | O22: 19 | P22: 21 | Q22: 17 | R22: 17 | S22: 14 | T22: 26
D23: 160011370 | E23: 特殊染色加算（骨髄像・エステラーゼ染色） | F23: 60 | H23: 7444 | I23: 629 | J23: 632 | K23: 626 | L23: 704 | M23: 650 | N23: 597 | O23: 703 | P23: 588 | Q23: 554 | R23: 595 | S23: 562 | T23: 604
D24: 160058970 | E24: 嫌気性培養加算（細菌培養同定検査） | F24: 122 | H24: 758761 | I24: 64160 | J24: 71196 | K24: 71676 | L24: 66032 | M24: 57947 | N24: 54959 | O24: 61154 | P24: 57579 | Q24: 65679 | R24: 68386 | S24: 56734 | T24: 63259
D25: 160060870 | E25: 分染法加算（染色体検査） | F25: 397 | H25: 101760 | I25: 8485 | J25: 8679 | K25: 8555 | L25: 9264 | M25: 8405 | N25: 8353 | O25: 9413 | P25: 8472 | Q25: 7991 | R25: 8001 | S25: 7615 | T25: 8527
D26: 160062470 | E26: 負荷試験 | G26: 100 | H26: 23892 | I26: 2168 | J26: 1974 | K26: 1928 | L26: 2103 | M26: 1928 | N26: 1865 | O26: 2189 | P26: 2065 | Q26: 1978 | R26: 1916 | S26: 1696 | T26: 2082
D27: 160062570 | E27: 喘息に対する吸入誘発試験 | G27: 100 | H27: 2005 | I27: 160 | J27: 203 | K27: 171 | L27: 185 | M27: 166 | N27: 156 | O27: 160 | P27: 152 | Q27: 192 | R27: 191 | S27: 119 | T27: 150
D28: 160065270 | E28: 伝導機能検査加算（心臓カテーテル法） | F28: 400 | H28: 12 | I28: - | J28: - | K28: - | L28: 0 | M28: - | N28: - | O28: - | P28: 0 | Q28: 0 | R28: - | S28: - | T28: -
D29: 160065370 | E29: 期外刺激法加算（心臓カテーテル法） | F29: 800 | H29: - | I29: - | J29: - | K29: - | L29: - | M29: - | N29: - | O29: - | P29: - | Q29: - | R29: - | S29: - | T29: -
D30: 160065470 | E30: 冠動脈造影加算（心臓カテーテル法） | F30: 1400 | H30: 8655 | I30: 740 | J30: 686 | K30: 724 | L30: 736 | M30: 613 | N30: 692 | O30: 748 | P30: 742 | Q30: 749 | R30: 730 | S30: 702 | T30: 793
D31: 160065650 | E31: ヒス束心電図加算（心臓カテーテル法） | F31: 400 | H31: 12 | I31: - | J31: - | K31: - | L31: 0 | M31: - | N31: - | O31: - | P31: 0 | Q31: 0 | R31: - | S31: - | T31: -
D32: 160065750 | E32: 診断ペーシング加算（心臓カテーテル法） | F32: 400 | H32: 13 | I32: - | J32: - | K32: - | L32: 0 | M32: - | N32: - | O32: - | P32: 0 | Q32: 0 | R32: - | S32: - | T32: -
D33: 160067570 | E33: 心拍出量測定加算（体液量等測定） | F33: 1300 | H33: - | I33: - | J33: 0 | K33: - | L33: - | M33: 0 | N33: 0 | O33: 0 | P33: 0 | Q33: 0 | R33: - | S33: 0 | T33: 0
D34: 160071370 | E34: 負荷試験（運動又は薬剤の負荷） | G34: 100 | H34: 1011 | I34: 89 | J34: 90 | K34: 107 | L34: 85 | M34: 74 | N34: 87 | O34: 80 | P34: 63 | Q34: 101 | R34: 84 | S34: 66 | T34: 85
D35: 160072370 | E35: パルスドプラ法加算（超音波検査） | F35: 150 | H35: 3522590 | I35: 304892 | J35: 302455 | K35: 306507 | L35: 318093 | M35: 280363 | N35: 289042 | O35: 317526 | P35: 291936 | Q35: 280788 | R35: 266107 | S35: 264645 | T35: 300236
D36: 160073170 | E36: 負荷検査加算（サーモグラフィー検査）（記録に要する費用を含む。） | F36: 100 | H36: 489 | I36: 51 | J36: 48 | K36: 50 | L36: 29 | M36: 35 | N36: 35 | O36: 43 | P36: 42 | Q36: 40 | R36: 30 | S36: 37 | T36: 49
D37: 160075170 | E37: バルーン付肺動脈カテーテル挿入加算（観血的肺動脈圧測定） | F37: 1300 | H37: - | I37: - | J37: - | K37: - | L37: - | M37: - | N37: - | O37: - | P37: - | Q37: - | R37: - | S37: - | T37: -
D38: 160075570 | E38: 賦活検査加算（脳波検査） | F38: 250 | H38: 245827 | I38: 21187 | J38: 17486 | K38: 17914 | L38: 24088 | M38: 28708 | N38: 18477 | O38: 19412 | P38: 17802 | Q38: 19982 | R38: 18501 | S38: 17559 | T38: 24711
D39: 160083070 | E39: 負荷測定加算（精密眼圧測定） | F39: 55 | H39: 51688 | I39: 4813 | J39: 4502 | K39: 4601 | L39: 4401 | M39: 3669 | N39: 4191 | O39: 4506 | P39: 4128 | Q39: 4200 | R39: 3936 | S39: 4073 | T39: 4668
D40: 160092970 | E40: 気管支肺胞洗浄法検査同時加算（気管支ファイバースコピー） | F40: 200 | H40: 1291 | I40: 92 | J40: 120 | K40: 91 | L40: 117 | M40: 88 | N40: 114 | O40: 113 | P40: 118 | Q40: 106 | R40: 110 | S40: 106 | T40: 116
D41: 160093970 | E41: 胆管・膵管造影法加算（検査） | F41: 600 | H41: 869 | I41: 52 | J41: 69 | K41: 58 | L41: 57 | M41: 48 | N41: 84 | O41: 90 | P41: 97 | Q41: 78 | R41: 60 | S41: 84 | T41: 92
D42: 160095970 | E42: 乳幼児加算（血液採取） | F42: 35 | H42: 1484194 | I42: 136335 | J42: 142515 | K42: 132208 | L42: 134148 | M42: 112954 | N42: 116129 | O42: 118862 | P42: 108623 | Q42: 115236 | R42: 110310 | S42: 112694 | T42: 144180
D43: 160142270 | E43: 乳幼児加算（検査） | F43: 100 | H43: 1296 | I43: 117 | J43: 116 | K43: 103 | L43: 127 | M43: 107 | N43: 112 | O43: 107 | P43: 115 | Q43: 100 | R43: 90 | S43: 94 | T43: 108
D44: 160148070 | E44: 粘膜点墨法加算（検査） | F44: 60 | H44: 893623 | I44: 78078 | J44: 73704 | K44: 78246 | L44: 80532 | M44: 67660 | N44: 72914 | O44: 83874 | P44: 78815 | Q44: 73243 | R44: 65166 | S44: 66082 | T44: 75309
D45: 160148670 | E45: 超音波内視鏡検査加算 | F45: 300 | H45: 155795 | I45: 13282 | J45: 12197 | K45: 13213 | L45: 13542 | M45: 12401 | N45: 12379 | O45: 14040 | P45: 13322 | Q45: 13513 | R45: 12500 | S45: 12191 | T45: 13215
D46: 160150970 | E46: 食道ヨード染色法加算 | F46: 60 | H46: 249 | I46: 30 | J46: 26 | K46: 17 | L46: 29 | M46: 11 | N46: 14 | O46: 15 | P46: 20 | Q46: 26 | R46: 28 | S46: 20 | T46: 13
D47: 160155290 | E47: 新生児加算（生体検査） | G47: 100 | H47: 29395 | I47: 2392 | J47: 2723 | K47: 2563 | L47: 2779 | M47: 2490 | N47: 2358 | O47: 2655 | P47: 2480 | Q47: 2466 | R47: 2268 | S47: 2053 | T47: 2168
D48: 160155390 | E48: 乳幼児加算（生体検査）（３歳未満） | G48: 70 | H48: 2471278 | I48: 216937 | J48: 233372 | K48: 229370 | L48: 216674 | M48: 175186 | N48: 186462 | O48: 194516 | P48: 197506 | Q48: 222129 | R48: 190714 | S48: 193502 | T48: 214910
D49: 160156070 | E49: パワー・ベクトル分析加算（平衡機能検査） | F49: 200 | H49: 383585 | I49: 33585 | J49: 33585 | K49: 33929 | L49: 32551 | M49: 28310 | N49: 32345 | O49: 35313 | P49: 32047 | Q49: 29611 | R49: 31057 | S49: 29041 | T49: 32211
D50: 160156170 | E50: 刺激又は負荷加算（平衡機能検査） | F50: 120 | H50: 183578 | I50: 16184 | J50: 16446 | K50: 16310 | L50: 15360 | M50: 13280 | N50: 15441 | O50: 17008 | P50: 15335 | Q50: 14144 | R50: 14980 | S50: 13854 | T50: 15236
D51: 160159270 | E51: 色素内視鏡法加算 | F51: 60 | H51: 358560 | I51: 30529 | J51: 29263 | K51: 30920 | L51: 32308 | M51: 27601 | N51: 29145 | O51: 33616 | P51: 31486 | Q51: 29430 | R51: 26513 | S51: 26765 | T51: 30984
D52: 160161170 | E52: 胆管・膵管鏡加算（検査） | F52: 2800 | H52: 907 | I52: 72 | J52: 68 | K52: 86 | L52: 97 | M52: 70 | N52: 71 | O52: 74 | P52: 83 | Q52: 66 | R52: 69 | S52: 67 | T52: 84
D53: 160161510 | E53: 入院時初回加算（血液化学検査） | F53: 20 | H53: 353 | I53: 24 | J53: 30 | K53: 37 | L53: 36 | M53: 23 | N53: 36 | O53: 34 | P53: 21 | Q53: 28 | R53: 26 | S53: 32 | T53: 26
D54: 160164970 | E54: 血管内超音波検査加算（心臓カテーテル法） | F54: 400 | H54: 12 | I54: - | J54: - | K54: 0 | L54: - | M54: - | N54: 0 | O54: - | P54: - | Q54: 0 | R54: 0 | S54: - | T54: -
D55: 160170070 | E55: 濃縮前処理加算（ＨＩＶ－１核酸定量） | F55: 130 | H55: 29747 | I55: 2448 | J55: 2473 | K55: 2515 | L55: 2498 | M55: 2391 | N55: 2521 | O55: 2603 | P55: 2249 | Q55: 2731 | R55: 2498 | S55: 2227 | T55: 2593
D56: 160170170 | E56: 検体検査管理加算（１） | F56: 40 | H56: 89899033 | I56: 7437210 | J56: 7384112 | K56: 7315817 | L56: 7897621 | M56: 7442980 | N56: 7280089 | O56: 7731289 | P56: 7150807 | Q56: 8121583 | R56: 7894634 | S56: 6801088 | T56: 7441803
D57: 160174470 | E57: 施設基準不適合減算（検査）（１００分の８０） | G57: -20 | H57: 1076 | I57: 92 | J57: 109 | K57: 102 | L57: 91 | M57: 83 | N57: 87 | O57: 104 | P57: 75 | Q57: 92 | R57: 69 | S57: 91 | T57: 81
D58: 160177770 | E58: 外来迅速検体検査加算 | F58: 10 | H58: 139986128 | I58: 11735819 | J58: 11725333 | K58: 11548350 | L58: 12381540 | M58: 11599793 | N58: 11521285 | O58: 12394271 | P58: 11371598 | Q58: 11912504 | R58: 11447038 | S58: 10592793 | T58: 11755804
D59: 160180770 | E59: 乳幼児加算（関節穿刺）（３歳未満） | F59: 100 | H59: 15 | I59: - | J59: - | K59: - | L59: - | M59: - | N59: 0 | O59: 0 | P59: - | Q59: 0 | R59: - | S59: - | T59: -
D60: 160182870 | E60: 遺伝カウンセリング加算（検査） | F60: 1000 | H60: 25640 | I60: 2064 | J60: 2018 | K60: 1991 | L60: 2198 | M60: 2136 | N60: 2069 | O60: 2231 | P60: 2220 | Q60: 2178 | R60: 2075 | S60: 1996 | T60: 2464
D61: 160182970 | E61: 造影剤使用加算（超音波検査） | F61: 180 | H61: 34679 | I61: 3083 | J61: 2964 | K61: 2827 | L61: 3024 | M61: 2795 | N61: 2804 | O61: 3149 | P61: 2848 | Q61: 2860 | R61: 2752 | S61: 2725 | T61: 2848
D62: 160185570 | E62: 集菌塗抹法加算 | F62: 35 | H62: 301333 | I62: 23860 | J62: 24989 | K62: 24497 | L62: 25819 | M62: 24069 | N62: 25084 | O62: 28953 | P62: 25889 | Q62: 25804 | R62: 25453 | S62: 22272 | T62: 24644
D63: 160185770 | E63: 検体検査管理加算（４） | F63: 500 | H63: - | I63: - | J63: - | K63: - | L63: - | M63: - | N63: - | O63: - | P63: - | Q63: - | R63: - | S63: - | T63: -
D64: 160185890 | E64: 幼児加算（生体検査）（３歳以上６歳未満） | G64: 40 | H64: 491510 | I64: 40983 | J64: 41475 | K64: 42376 | L64: 43799 | M64: 36898 | N64: 42165 | O64: 43777 | P64: 41178 | Q64: 42514 | R64: 37855 | S64: 36724 | T64: 41766
D65: 160186170 | E65: 血管内光断層撮影加算（心臓カテーテル法） | F65: 400 | H65: - | I65: - | J65: - | K65: - | L65: - | M65: - | N65: - | O65: - | P65: - | Q65: - | R65: - | S65: - | T65: -
D66: 160186270 | E66: 冠動脈血流予備能測定検査加算（心臓カテーテル法） | F66: 600 | H66: 1729 | I66: 139 | J66: 120 | K66: 125 | L66: 124 | M66: 117 | N66: 150 | O66: 167 | P66: 168 | Q66: 156 | R66: 141 | S66: 162 | T66: 160
D67: 160186470 | E67: 連続呼気ガス分析加算 | F67: 520 | H67: 58763 | I67: 4848 | J67: 4960 | K67: 5007 | L67: 5206 | M67: 4697 | N67: 4665 | O67: 5402 | P67: 4899 | Q67: 4979 | R67: 4599 | S67: 4488 | T67: 5013
D68: 160186870 | E68: 大腿骨同時撮影加算（ＤＥＸＡ法） | F68: 90 | H68: 5071406 | I68: 433187 | J68: 416260 | K68: 424896 | L68: 420964 | M68: 376154 | N68: 416566 | O68: 461823 | P68: 425542 | Q68: 427942 | R68: 408911 | S68: 395244 | T68: 463917
D69: 160187670 | E69: 狭帯域光強調加算（検査） | F69: 200 | H69: 2191370 | I69: 179950 | J69: 173672 | K69: 185312 | L69: 193315 | M69: 168608 | N69: 178499 | O69: 207530 | P69: 195962 | Q69: 184150 | R69: 166083 | S69: 167307 | T69: 190982
D70: 160187970 | E70: 乳幼児加算（骨髄生検）（６歳未満） | F70: 100 | H70: - | I70: - | J70: - | K70: - | L70: - | M70: - | N70: - | O70: - | P70: - | Q70: - | R70: - | S70: - | T70: -
D71: 160198170 | E71: 骨髄像診断加算 | F71: 240 | H71: 54138 | I71: 4583 | J71: 4748 | K71: 4577 | L71: 4902 | M71: 4482 | N71: 4322 | O71: 4988 | P71: 4454 | Q71: 4354 | R71: 4242 | S71: 4071 | T71: 4415
D72: 160198470 | E72: 心腔内超音波検査加算（心臓カテーテル法） | F72: 400 | H72: - | I72: - | J72: - | K72: - | L72: - | M72: - | N72: - | O72: - | P72: - | Q72: - | R72: - | S72: - | T72: -
D73: 160199410 | E73: 広角眼底撮影加算 | F73: 100 | H73: 16168 | I73: 1477 | J73: 1345 | K73: 1409 | L73: 1542 | M73: 1215 | N73: 1381 | O73: 1503 | P73: 1272 | Q73: 1284 | R73: 1309 | S73: 1162 | T73: 1269
D74: 160200070 | E74: ガイドシース加算 | F74: 500 | H74: 9225 | I74: 813 | J74: 826 | K74: 750 | L74: 872 | M74: 794 | N74: 687 | O74: 899 | P74: 767 | Q74: 824 | R74: 711 | S74: 654 | T74: 628
D75: 160200170 | E75: ＣＴ透視下気管支鏡検査加算 | F75: 1000 | H75: 40 | I75: - | J75: - | K75: - | L75: - | M75: - | N75: - | O75: - | P75: - | Q75: - | R75: - | S75: - | T75: -
D76: 160203970 | E76: 休日加算（内視鏡検査） | G76: 80 | H76: 27740 | I76: 1728 | J76: 3397 | K76: 1448 | L76: 1579 | M76: 1661 | N76: 2153 | O76: 1663 | P76: 2425 | Q76: 3588 | R76: 3877 | S76: 2171 | T76: 2050
D77: 160204070 | E77: 時間外加算（内視鏡検査） | G77: 40 | H77: 17670 | I77: 1490 | J77: 1481 | K77: 1421 | L77: 1275 | M77: 1190 | N77: 1221 | O77: 1533 | P77: 1616 | Q77: 1713 | R77: 1339 | S77: 1470 | T77: 1921
D78: 160204170 | E78: 深夜加算（内視鏡検査） | G78: 80 | H78: 5882 | I78: 480 | J78: 523 | K78: 461 | L78: 471 | M78: 470 | N78: 423 | O78: 426 | P78: 493 | Q78: 595 | R78: 579 | S78: 452 | T78: 509
D79: 160204270 | E79: 時間外特例医療機関加算（内視鏡検査） | G79: 40 | H79: 9034 | I79: 828 | J79: 712 | K79: 835 | L79: 734 | M79: 788 | N79: 682 | O79: 711 | P79: 727 | Q79: 794 | R79: 752 | S79: 710 | T79: 761
D80: 160206970 | E80: 免疫電気泳動法診断加算 | F80: 50 | H80: 30178 | I80: 2563 | J80: 2518 | K80: 2609 | L80: 2647 | M80: 2502 | N80: 2550 | O80: 2620 | P80: 2482 | Q80: 2431 | R80: 2404 | S80: 2284 | T80: 2568
D81: 160207270 | E81: 微小栓子シグナル加算（ドプラ法）（脳動脈血流速度連続測定） | F81: 150 | H81: 598 | I81: 52 | J81: 58 | K81: 37 | L81: 46 | M81: 50 | N81: 69 | O81: 60 | P81: 68 | Q81: 35 | R81: 34 | S81: 43 | T81: 46
D82: 160212670 | E82: 質量分析装置加算（細菌培養同定検査） | F82: 40 | H82: - | I82: - | J82: - | K82: - | L82: - | M82: - | N82: - | O82: - | P82: - | Q82: - | R82: - | S82: - | T82: -
D83: 160212870 | E83: 迅速微生物核酸同定・定量検査加算 | F83: 100 | H83: 40851 | I83: 616 | J83: 958 | K83: 1324 | L83: 2157 | M83: 3323 | N83: 4354 | O83: 8201 | P83: 6563 | Q83: 6335 | R83: 3153 | S83: 2088 | T83: 1779
D84: 160212970 | E84: 冠攣縮誘発薬物負荷試験加算（心臓カテーテル法） | F84: 800 | H84: 251 | I84: 12 | J84: - | K84: - | L84: - | M84: 12 | N84: 23 | O84: 18 | P84: 46 | Q84: 29 | R84: 27 | S84: 30 | T84: 26
D85: 160213170 | E85: 胎児心エコー法診断加算（超音波検査）（心臓超音波検査）（胎児心エコー法） | F85: 1000 | H85: 6733 | I85: 518 | J85: 611 | K85: 541 | L85: 626 | M85: 605 | N85: 515 | O85: 591 | P85: 514 | Q85: 559 | R85: 559 | S85: 477 | T85: 617
D86: 160218270 | E86: 遺伝性腫瘍カウンセリング加算 | F86: 1000 | H86: 8434 | I86: 639 | J86: 655 | K86: 672 | L86: 743 | M86: 750 | N86: 703 | O86: 768 | P86: 683 | Q86: 733 | R86: 642 | S86: 680 | T86: 766
D87: 160219070 | E87: 小児矯正視力検査加算 | F87: 35 | H87: 59309 | I87: 4705 | J87: 4453 | K87: 4852 | L87: 4862 | M87: 4296 | N87: 5060 | O87: 5129 | P87: 4822 | Q87: 5208 | R87: 5197 | S87: 5003 | T87: 5722
D88: 160219570 | E88: 顕微内視鏡加算 | F88: 1500 | H88: 26 | I88: - | J88: - | K88: - | L88: - | M88: - | N88: - | O88: - | P88: - | Q88: 0 | R88: - | S88: - | T88: -
D89: 160219870 | E89: 乳幼児加算（胸水・腹水採取） | F89: 60 | H89: 39 | I89: - | J89: - | K89: - | L89: - | M89: - | N89: - | O89: - | P89: - | Q89: - | R89: - | S89: - | T89: -
D90: 160220070 | E90: 乳幼児加算（動脈血採取） | F90: 35 | H90: 21071 | I90: 1846 | J90: 2060 | K90: 1896 | L90: 2022 | M90: 1637 | N90: 1563 | O90: 1534 | P90: 1437 | Q90: 1940 | R90: 1856 | S90: 1626 | T90: 1654
D91: 160223270 | E91: 小児矯正視力検査加算（散瞳剤又は調節麻痺剤の使用前後各１回） | F91: 70 | H91: 4067 | I91: 342 | J91: 332 | K91: 369 | L91: 322 | M91: 357 | N91: 326 | O91: 314 | P91: 293 | Q91: 336 | R91: 334 | S91: 334 | T91: 408
D92: 160225150 | E92: 冠動脈血流予備能測定検査加算（循環動態解析装置） | F92: 7200 | H92: 145 | I92: - | J92: - | K92: - | L92: - | M92: 14 | N92: 15 | O92: 11 | P92: 13 | Q92: 17 | R92: 18 | S92: 10 | T92: 19
D93: 160226170 | E93: 大腿骨同時検査加算（ＲＥＭＳ法） | F93: 55 | H93: 4301 | I93: 303 | J93: 288 | K93: 336 | L93: 379 | M93: 353 | N93: 357 | O93: 488 | P93: 410 | Q93: 360 | R93: 330 | S93: 317 | T93: 380
D94: 160231370 | E94: 遠隔連携遺伝カウンセリング加算（検査） | F94: 1000 | H94: - | I94: - | J94: - | K94: - | L94: - | M94: - | N94: - | O94: - | P94: - | Q94: - | R94: - | S94: - | T94: -
D95: 160231670 | E95: 内視鏡的留置術加算（検査） | F95: 260 | H95: - | I95: - | J95: - | K95: 0 | L95: 0 | M95: - | N95: - | O95: 0 | P95: 0 | Q95: 0 | R95: 0 | S95: 0 | T95: 0
D96: 160231770 | E96: バルーン内視鏡加算（検査） | F96: 450 | H96: 297 | I96: 19 | J96: 23 | K96: 26 | L96: 15 | M96: 22 | N96: 34 | O96: 32 | P96: 33 | Q96: 29 | R96: 19 | S96: 26 | T96: 19
D97: 160231970 | E97: 悪性腫瘍組織検査減算（処理が容易なもの）（医薬品の適応判定の補助等に用いるもの） | F97: -2500 | H97: 111 | I97: 12 | J97: - | K97: 16 | L97: - | M97: - | N97: 11 | O97: - | P97: 10 | Q97: - | R97: - | S97: - | T97: 12
D98: 160232170 | E98: 悪性腫瘍組織検査減算（処理が容易なもの）（２項目） | F98: -4000 | H98: 76 | I98: - | J98: - | K98: - | L98: - | M98: - | N98: - | O98: - | P98: - | Q98: - | R98: 10 | S98: - | T98: 11
D99: 160232270 | E99: 悪性腫瘍組織検査減算（処理が容易なもの）（３項目） | F99: -6000 | H99: 61 | I99: - | J99: 10 | K99: - | L99: - | M99: - | N99: - | O99: - | P99: - | Q99: - | R99: - | S99: - | T99: -
D100: 160232370 | E100: 悪性腫瘍組織検査減算（処理が容易なもの）（４項目以上） | F100: -8000 | H100: - | I100: 0 | J100: - | K100: - | L100: 0 | M100: - | N100: 0 | O100: 0 | P100: - | Q100: 0 | R100: - | S100: - | T100: -
D101: 160232470 | E101: 悪性腫瘍組織検査減算（処理が複雑なもの） | F101: -5000 | H101: 27 | I101: 0 | J101: - | K101: - | L101: - | M101: - | N101: - | O101: - | P101: - | Q101: - | R101: - | S101: - | T101: -
D102: 160232570 | E102: 悪性腫瘍組織検査減算（処理が複雑なもの）（２項目） | F102: -8000 | H102: 13 | I102: 0 | J102: 0 | K102: 0 | L102: 0 | M102: 0 | N102: 0 | O102: - | P102: - | Q102: - | R102: - | S102: - | T102: -
...

Sheet 入院
A1: 診療年月：2024年04月～2025年03月 D 検査 入院 ※集計結果が10未満の場合は「‐」で表示（10未満の箇所が1箇所の場合は10以上の最小値を全て「‐」で表示）※集計対象期間内に名称や点数・金額等に変更がある場合、変更後の情報で表示
A3: 分類 コード | B3: 分類名称 | C3: 診療行為 コード | D3: 診療行為 | E3: 点数 | F3: 総計 (算定回数) | G3: 4月 | H3: 5月 | I3: 6月 | J3: 7月 | K3: 8月 | L3: 9月 | M3: 10月 | N3: 11月 | O3: 12月 | P3: 1月 | Q3: 2月 | R3: 3月
A5: D000 | B5: 尿中一般物質定性半定量検査 | C5: 160000310 | D5: 尿中一般物質定性半定量検査 | E5: 26 | F5: 10697026 | G5: 881127 | H5: 892071 | I5: 859313 | J5: 955355 | K5: 919244 | L5: 860074 | M5: 895998 | N5: 860410 | O5: 924897 | P5: 936670 | Q5: 827930 | R5: 883937
A6: D001 | B6: 尿中特殊物質定性定量検査 | C6: 160000410 | D6: 尿蛋白 | E6: 7 | F6: 1158657 | G6: 96253 | H6: 96797 | I6: 92253 | J6: 103808 | K6: 97955 | L6: 89572 | M6: 95336 | N6: 94675 | O6: 100999 | P6: 100868 | Q6: 91599 | R6: 98542
C7: 160001310 | D7: ＶＭＡ定性（尿） | E7: 9 | F7: 548 | G7: 67 | H7: 41 | I7: 31 | J7: 48 | K7: 60 | L7: 34 | M7: 34 | N7: 58 | O7: 53 | P7: 35 | Q7: 36 | R7: 51
C8: 160001710 | D8: 尿グルコース | E8: 9 | F8: 158180 | G8: 14331 | H8: 14163 | I8: 13570 | J8: 14326 | K8: 13507 | L8: 12298 | M8: 13011 | N8: 12194 | O8: 12743 | P8: 13048 | Q8: 12344 | R8: 12645
C9: 160003550 | D9: Ｗａｔｓｏｎ－Ｓｃｈｗａｒｔｚ反応 | E9: 17 | F9: - | G9: - | H9: 0 | I9: - | J9: - | K9: 0 | L9: 0 | M9: 0 | N9: 0 | O9: - | P9: - | Q9: - | R9: 0
C10: 160003650 | D10: Ｒｉｍｉｎｇｔｏｎ反応 | E10: 17 | F10: - | G10: - | H10: - | I10: - | J10: - | K10: - | L10: - | M10: - | N10: - | O10: - | P10: - | Q10: - | R10: -
C11: 160003750 | D11: Ｄｅａｎａｎｄ Ｂａｒｎｅｓ反応 | E11: 17 | F11: - | G11: - | H11: - | I11: - | J11: - | K11: - | L11: - | M11: - | N11: - | O11: - | P11: - | Q11: - | R11: -
C12: 160003910 | D12: 尿浸透圧 | E12: 16 | F12: 403244 | G12: 31419 | H12: 32583 | I12: 32663 | J12: 40075 | K12: 38336 | L12: 33603 | M12: 33995 | N12: 32104 | O12: 33499 | P12: 34289 | Q12: 29804 | R12: 30874
C13: 160004110 | D13: Ｎ－アセチルグルコサミニダーゼ（ＮＡＧ）（尿） | E13: 41 | F13: 237733 | G13: 19646 | H13: 19549 | I13: 18798 | J13: 21475 | K13: 19955 | L13: 18299 | M13: 19964 | N13: 19927 | O13: 20816 | P13: 20511 | Q13: 18606 | R13: 20187
C14: 160004310 | D14: 黄体形成ホルモン（ＬＨ）定性（尿） | E14: 72 | F14: 107 | G14: 10 | H14: - | I14: - | J14: 16 | K14: - | L14: 11 | M14: - | N14: - | O14: - | P14: - | Q14: - | R14: -
C15: 160004510 | D15: フィブリン・フィブリノゲン分解産物（ＦＤＰ）（尿） | E15: 72 | F15: 2202 | G15: 199 | H15: 226 | I15: 193 | J15: 168 | K15: 190 | L15: 173 | M15: 176 | N15: 177 | O15: 150 | P15: 182 | Q15: 161 | R15: 207
C16: 160004610 | D16: δアミノレブリン酸（δ－ＡＬＡ）（尿） | E16: 106 | F16: 342 | G16: 25 | H16: 25 | I16: 23 | J16: 37 | K16: 29 | L16: 30 | M16: 36 | N16: 25 | O16: 28 | P16: 26 | Q16: 29 | R16: 29
C17: 160004810 | D17: アルブミン定量（尿） | E17: 99 | F17: 178884 | G17: 15656 | H17: 15947 | I17: 14751 | J17: 15587 | K17: 14780 | L17: 13526 | M17: 14491 | N17: 14319 | O17: 14642 | P17: 15598 | Q17: 14446 | R17: 15141
C18: 160111710 | D18: ウロビリノゲン（尿） | E18: 16 | F18: 349 | G18: 37 | H18: 44 | I18: 37 | J18: 31 | K18: 28 | L18: 22 | M18: 27 | N18: 25 | O18: 48 | P18: 22 | Q18: 16 | R18: 12
C19: 160111810 | D19: 先天性代謝異常症スクリーニングテスト（尿） | E19: 16 | F19: - | G19: - | H19: - | I19: - | J19: 0 | K19: 0 | L19: - | M19: - | N19: - | O19: 0 | P19: 0 | Q19: 0 | R19: 0
C20: 160112010 | D20: アルブミン定性（尿） | E20: 49 | F20: 13374 | G20: 1202 | H20: 1173 | I20: 1193 | J20: 1256 | K20: 1105 | L20: 906 | M20: 1141 | N20: 1017 | O20: 1051 | P20: 1214 | Q20: 1075 | R20: 1041
C21: 160112110 | D21: ポルフォビリノゲン（尿） | E21: 186 | F21: 236 | G21: 23 | H21: 14 | I21: 13 | J21: 20 | K21: 18 | L21: 29 | M21: 25 | N21: 19 | O21: 20 | P21: 13 | Q21: 20 | R21: 22
C22: 160112210 | D22: ウロポルフィリン（尿） | E22: 105 | F22: 302 | G22: 26 | H22: 29 | I22: 39 | J22: 31 | K22: 33 | L22: 17 | M22: 36 | N22: 20 | O22: 25 | P22: - | Q22: - | R22: 19
C23: 160112310 | D23: コプロポルフィリン（尿） | E23: 131 | F23: 183 | G23: 18 | H23: - | I23: 15 | J23: 20 | K23: 23 | L23: 14 | M23: 16 | N23: - | O23: 17 | P23: - | Q23: - | R23: -
C24: 160134350 | D24: ポリアミン（尿） | E24: 115 | F24: 12 | G24: - | H24: - | I24: - | J24: - | K24: - | L24: 0 | M24: - | N24: 0 | O24: 0 | P24: 0 | Q24: 0 | R24: -
C25: 160156710 | D25: ポルフィリン症スクリーニングテスト（尿） | E25: 17 | F25: - | G25: - | H25: - | I25: - | J25: - | K25: - | L25: - | M25: - | N25: - | O25: - | P25: - | Q25: - | R25: -
C26: 160157750 | D26: トランスフェリン（尿） | E26: 98 | F26: 9030 | G26: 807 | H26: 806 | I26: 769 | J26: 754 | K26: 727 | L26: 618 | M26: 727 | N26: 739 | O26: 819 | P26: 804 | Q26: 731 | R26: 729
C27: 160169250 | D27: ４型コラーゲン（尿） | E27: 184 | F27: 385 | G27: 38 | H27: 36 | I27: 29 | J27: 26 | K27: 36 | L27: 45 | M27: 47 | N27: 33 | O27: 36 | P27: 15 | Q27: 21 | R27: 23
C28: 160176350 | D28: クレアチニン試験紙法（尿）（蛋白／クレアチニン比） | E28: 11 | F28: 82372 | G28: 6533 | H28: 6627 | I28: 6119 | J28: 7386 | K28: 7204 | L28: 6113 | M28: 6652 | N28: 6614 | O28: 7367 | P28: 7655 | Q28: 6378 | R28: 7724
C29: 160181950 | D29: ミオイノシトール（尿） | E29: 120 | F29: 22 | G29: - | H29: - | I29: - | J29: - | K29: - | L29: - | M29: - | N29: 0 | O29: - | P29: 0 | Q29: - | R29: -
C30: 160189250 | D30: Ｌ型脂肪酸結合蛋白（Ｌ－ＦＡＢＰ）（尿） | E30: 210 | F30: 22267 | G30: 1870 | H30: 1859 | I30: 1715 | J30: 1908 | K30: 1838 | L30: 1683 | M30: 1895 | N30: 1914 | O30: 1924 | P30: 1997 | Q30: 1755 | R30: 1909
C31: 160189950 | D31: 総ヨウ素（尿） | E31: 186 | F31: 320 | G31: 20 | H31: 14 | I31: 15 | J31: - | K31: - | L31: 28 | M31: 12 | N31: 18 | O31: - | P31: 32 | Q31: 76 | R31: 81
C32: 160209650 | D32: 好中球ゼラチナーゼ結合性リポカリン（ＮＧＡＬ）（尿） | E32: 210 | F32: 30238 | G32: 2397 | H32: 2497 | I32: 2303 | J32: 2482 | K32: 2382 | L32: 2317 | M32: 2434 | N32: 2373 | O32: 2767 | P32: 3070 | Q32: 2475 | R32: 2741
C33: 160210610 | D33: シュウ酸（尿） | E33: 200 | F33: 264 | G33: 24 | H33: 27 | I33: 16 | J33: 25 | K33: 22 | L33: 17 | M33: 19 | N33: 23 | O33: 28 | P33: 25 | Q33: 19 | R33: 19
C34: 160224650 | D34: トリプシノーゲン２（尿） | E34: 105 | F34: 2852 | G34: 255 | H34: 253 | I34: 287 | J34: 236 | K34: 239 | L34: 241 | M34: 248 | N34: 238 | O34: 209 | P34: 245 | Q34: 203 | R34: 198
C35: 160237350 | D35: プロスタグランジンＥ主要代謝物（尿） | E35: 187 | F35: 304 | G35: - | H35: - | I35: - | J35: 32 | K35: 22 | L35: 20 | M35: 24 | N35: 27 | O35: 23 | P35: 36 | Q35: 36 | R35: 44
A36: D002 | B36: 尿沈渣（鏡検法） | C36: 160005010 | D36: 尿沈渣（鏡検法） | E36: 27 | F36: 4369238 | G36: 361412 | H36: 362603 | I36: 348440 | J36: 393238 | K36: 378167 | L36: 350698 | M36: 369500 | N36: 352250 | O36: 378943 | P36: 380560 | Q36: 336194 | R36: 357233
A37: D002-2 | B37: 尿沈渣（フローサイトメトリー法） | C37: 160159550 | D37: 尿沈渣（フローサイトメトリー法） | E37: 24 | F37: 2126755 | G37: 171316 | H37: 174007 | I37: 166836 | J37: 190336 | K37: 183573 | L37: 171136 | M37: 177737 | N37: 171528 | O37: 185435 | P37: 188397 | Q37: 166927 | R37: 179527
A38: D003 | B38: 糞便検査 | C38: 160005510 | D38: 糞便塗抹顕微鏡検査（虫卵、脂肪及び消化状況観察を含む。） | E38: 20 | F38: 8548 | G38: 752 | H38: 712 | I38: 693 | J38: 795 | K38: 750 | L38: 719 | M38: 714 | N38: 706 | O38: 672 | P38: 705 | Q38: 667 | R38: 663
C39: 160005710 | D39: 虫卵検出（集卵法）（糞便） | E39: 15 | F39: 3138 | G39: 247 | H39: 322 | I39: 258 | J39: 379 | K39: 285 | L39: 272 | M39: 255 | N39: 229 | O39: 222 | P39: 223 | Q39: 209 | R39: 237
C40: 160006310 | D40: 糞便中脂質 | E40: 25 | F40: 125 | G40: 18 | H40: - | I40: - | J40: - | K40: 15 | L40: - | M40: 14 | N40: 13 | O40: - | P40: - | Q40: - | R40: -
C41: 160006410 | D41: 虫体検出（糞便） | E41: 23 | F41: 1156 | G41: 109 | H41: 101 | I41: 99 | J41: 113 | K41: 122 | L41: 82 | M41: 115 | N41: 89 | O41: 87 | P41: 68 | Q41: 76 | R41: 95
C42: 160006510 | D42: 糞便中ヘモグロビン定性 | E42: 37 | F42: 266077 | G42: 23680 | H42: 23648 | I42: 22997 | J42: 23420 | K42: 21991 | L42: 20688 | M42: 22677 | N42: 20997 | O42: 21570 | P42: 22215 | Q42: 20788 | R42: 21406
C43: 160006710 | D43: 虫卵培養（糞便） | E43: 40 | F43: 3025 | G43: 225 | H43: 264 | I43: 237 | J43: 310 | K43: 273 | L43: 259 | M43: 281 | N43: 253 | O43: 244 | P43: 246 | Q43: 225 | R43: 208
C44: 160006810 | D44: 糞便中ヘモグロビン | E44: 41 | F44: 181428 | G44: 16277 | H44: 15988 | I44: 15405 | J44: 15734 | K44: 14957 | L44: 14017 | M44: 15161 | N44: 14813 | O44: 14819 | P44: 15400 | Q44: 13979 | R44: 14878
C45: 160112610 | D45: ウロビリン（糞便） | E45: 15 | F45: - | G45: - | H45: - | I45: - | J45: - | K45: - | L45: - | M45: - | N45: - | O45: - | P45: - | Q45: - | R45: -
C46: 160113110 | D46: 糞便中ヘモグロビン及びトランスフェリン定性・定量 | E46: 56 | F46: 67441 | G46: 6144 | H46: 6427 | I46: 6131 | J46: 6105 | K46: 5460 | L46: 5140 | M46: 5569 | N46: 5320 | O46: 5220 | P46: 5542 | Q46: 4990 | R46: 5393
C47: 160210050 | D47: カルプロテクチン（糞便） | E47: 268 | F47: 5247 | G47: 405 | H47: 421 | I47: 400 | J47: 524 | K47: 451 | L47: 415 | M47: 472 | N47: 442 | O47: 473 | P47: 393 | Q47: 404 | R47: 447
A48: D004 | B48: 穿刺液・採取液検査 | C48: 160058050 | D48: ヒューナー検査 | E48: 20 | F48: - | G48: 0 | H48: 0 | I48: 0 | J48: - | K48: 0 | L48: 0 | M48: - | N48: 0 | O48: 0 | P48: 0 | Q48: - | R48: -
C49: 160060910 | D49: 精液一般検査 | E49: 70 | F49: 94 | G49: - | H49: 11 | I49: 23 | J49: - | K49: 10 | L49: - | M49: - | N49: - | O49: 10 | P49: - | Q49: - | R49: -
C50: 160061010 | D50: 胃液又は十二指腸液一般検査 | E50: 55 | F50: 2278 | G50: 213 | H50: 171 | I50: 190 | J50: 195 | K50: 196 | L50: 221 | M50: 194 | N50: 193 | O50: 176 | P50: 199 | Q50: 156 | R50: 174
C51: 160061110 | D51: 髄液一般検査 | E51: 62 | F51: 195848 | G51: 15220 | H51: 16593 | I51: 16237 | J51: 17613 | K51: 16547 | L51: 15851 | M51: 17627 | N51: 16468 | O51: 17031 | P51: 16751 | Q51: 14581 | R51: 15329
C52: 160061210 | D52: 頸管粘液一般検査 | E52: 75 | F52: 240 | G52: 14 | H52: 26 | I52: 20 | J52: 14 | K52: 26 | L52: 25 | M52: 20 | N52: 24 | O52: 20 | P52: 17 | Q52: 15 | R52: 19
C53: 160163150 | D53: 顆粒球エラスターゼ（子宮頸管粘液） | E53: 116 | F53: 8236 | G53: 726 | H53: 763 | I53: 693 | J53: 792 | K53: 733 | L53: 695 | M53: 728 | N53: 688 | O53: 662 | P53: 593 | Q53: 574 | R53: 589
C54: 160167150 | D54: 顆粒球エラスターゼ定性（子宮頸管粘液） | E54: 100 | F54: 3781 | G54: 321 | H54: 334 | I54: 312 | J54: 335 | K54: 313 | L54: 343 | M54: 323 | N54: 303 | O54: 349 | P54: 292 | Q54: 251 | R54: 305
C55: 160177810 | D55: ＩｇＧインデックス | E55: 390 | F55: 20766 | G55: 1603 | H55: 1748 | I55: 1797 | J55: 1911 | K55: 1814 | L55: 1691 | M55: 1771 | N55: 1689 | O55: 1808 | P55: 1865 | Q55: 1495 | R55: 1574
C56: 160177910 | D56: ミエリン塩基性蛋白（ＭＢＰ）（髄液） | E56: 570 | F56: 13064 | G56: 888 | H56: 1073 | I56: 1066 | J56: 1190 | K56: 1128 | L56: 1045 | M56: 1144 | N56: 1090 | O56: 1188 | P56: 1225 | Q56: 961 | R56: 1066
C57: 160178010 | D57: オリゴクローナルバンド | E57: 522 | F57: 24822 | G57: 1842 | H57: 2015 | I57: 2067 | J57: 2246 | K57: 2176 | L57: 1995 | M57: 2158 | N57: 2155 | O57: 2142 | P57: 2221 | Q57: 1833 | R57: 1972
C58: 160182110 | D58: マイクロバブルテスト | E58: 200 | F58: 1105 | G58: 90 | H58: 119 | I58: 101 | J58: 80 | K58: 97 | L58: 91 | M58: 94 | N58: 90 | O58: 100 | P58: 78 | Q58: 83 | R58: 82
C59: 160184150 | D59: ＩｇＥ定性（涙液） | E59: 100 | F59: 18 | G59: - | H59: - | I59: 0 | J59: - | K59: 0 | L59: - | M59: 0 | N59: - | O59: - | P59: - | Q59: - | R59: 0
C60: 160190610 | D60: リン酸化タウ蛋白（髄液） | E60: 641 | F60: 3124 | G60: 311 | H60: 266 | I60: 301 | J60: 305 | K60: 261 | L60: 227 | M60: 250 | N60: 246 | O60: 246 | P60: 234 | Q60: 231 | R60: 246
C61: 160190710 | D61: タウ蛋白（髄液） | E61: 622 | F61: 1066 | G61: 81 | H61: 102 | I61: 105 | J61: 110 | K61: 91 | L61: 79 | M61: 95 | N61: 91 | O61: 80 | P61: 78 | Q61: 82 | R61: 72
C62: 160230710 | D62: 関節液検査 | E62: 50 | F62: 17477 | G62: 1426 | H62: 1505 | I62: 1367 | J62: 1606 | K62: 1447 | L62: 1387 | M62: 1516 | N62: 1418 | O62: 1468 | P62: 1565 | Q62: 1349 | R62: 1423
C63: 160237150 | D63: アミロイドβ４２／４０比（髄液） | E63: 1282 | F63: 2720 | G63: 190 | H63: 178 | I63: 217 | J63: 240 | K63: 234 | L63: 199 | M63: 236 | N63: 251 | O63: 227 | P63: 237 | Q63: 240 | R63: 271
A64: D004-2 | B64: 悪性腫瘍組織検査 | C64: 160182210 | D64: 抗悪性腫瘍剤感受性検査 | E64: 2500 | F64: 45 | G64: - | H64: - | I64: - | J64: - | K64: - | L64: 0 | M64: - | N64: - | O64: - | P64: - | Q64: - | R64: -
C65: 160220610 | D65: 悪性腫瘍組織検査（処理が容易なもの）（医薬品の適応判定の補助等に用いるもの）（肺癌におけるＥＧＦＲ遺伝子検査） | E65: 2500 | F65: 6214 | G65: 486 | H65: 497 | I65: 517 | J65: 573 | K65: 541 | L65: 515 | M65: 561 | N65: 528 | O65: 511 | P65: 496 | Q65: 456 | R65: 533
C66: 160220710 | D66: 悪性腫瘍組織検査（処理が容易なもの）（医薬品の適応判定の補助等に用いるもの）（肺癌におけるＲＯＳ１融合遺伝子検査） | E66: 2500 | F66: 4496 | G66: 325 | H66: 341 | I66: 344 | J66: 425 | K66: 377 | L66: 377 | M66: 413 | N66: 394 | O66: 390 | P66: 377 | Q66: 339 | R66: 394
C67: 160220810 | D67: 悪性腫瘍組織検査（処理が容易なもの）（医薬品の適応判定の補助等に用いるもの）（肺癌におけるＡＬＫ融合遺伝子検査） | E67: 2500 | F67: 4565 | G67: 337 | H67: 334 | I67: 351 | J67: 426 | K67: 390 | L67: 378 | M67: 415 | N67: 403 | O67: 403 | P67: 379 | Q67: 346 | R67: 403
C68: 160220910 | D68: 悪性腫瘍組織検査（処理が容易なもの）（医薬品の適応判定の補助等に用いるもの）（大腸癌におけるＲＡＳ遺伝子検査） | E68: 2500 | F68: 18899 | G68: 1642 | H68: 1713 | I68: 1602 | J68: 1730 | K68: 1577 | L68: 1519 | M68: 1761 | N68: 1524 | O68: 1527 | P68: 1389 | Q68: 1397 | R68: 1518
C69: 160221010 | D69: 悪性腫瘍組織検査（処理が容易なもの）（医薬品の適応判定の補助等に用いるもの）（大腸癌におけるＢＲＡＦ遺伝子検査） | E69: 2500 | F69: 17520 | G69: 1532 | H69: 1562 | I69: 1467 | J69: 1603 | K69: 1469 | L69: 1405 | M69: 1653 | N69: 1393 | O69: 1440 | P69: 1293 | Q69: 1293 | R69: 1410
C70: 160221110 | D70: 悪性腫瘍組織検査（処理が容易なもの）（医薬品の適応判定の補助等に用いるもの）（乳癌におけるＨＥＲ２遺伝子検査） | E70: 2500 | F70: 544 | G70: 43 | H70: 39 | I70: 36 | J70: 57 | K70: 37 | L70: 45 | M70: 60 | N70: 59 | O70: 36 | P70: 51 | Q70: 32 | R70: 49
C71: 160221310 | D71: 悪性腫瘍組織検査（処理が容易なもの）（その他のもの）（肺癌におけるＫＲＡＳ遺伝子検査） | E71: 2100 | F71: 1134 | G71: 56 | H71: 50 | I71: 67 | J71: 111 | K71: 87 | L71: 109 | M71: 113 | N71: 108 | O71: 113 | P71: 104 | Q71: 98 | R71: 118
C72: 160221410 | D72: 悪性腫瘍組織検査（処理が容易なもの）（その他のもの）（膵癌におけるＫＲＡＳ遺伝子検査） | E72: 2100 | F72: 392 | G72: 29 | H72: 51 | I72: 38 | J72: 25 | K72: 43 | L72: 23 | M72: 33 | N72: 23 | O72: 31 | P72: 33 | Q72: 26 | R72: 37
C73: 160221510 | D73: 悪性腫瘍組織検査（処理が容易なもの）（その他のもの）（悪性骨軟部組織腫瘍におけるＥＷＳ－Ｆｌｉ１遺伝子検査） | E73: 2100 | F73: 12 | G73: - | H73: - | I73: - | J73: 0 | K73: 0 | L73: - | M73: 0 | N73: - | O73: - | P73: - | Q73: - | R73: 0
C74: 160221610 | D74: 悪性腫瘍組織検査（処理が容易なもの）（その他のもの）（悪性骨軟部組織腫瘍におけるＴＬＳ－ＣＨＯＰ遺伝子検査） | E74: 2100 | F74: - | G74: - | H74: - | I74: - | J74: - | K74: - | L74: - | M74: - | N74: - | O74: - | P74: - | Q74: - | R74: -
C75: 160221710 | D75: 悪性腫瘍組織検査（処理が容易なもの）（その他のもの）（悪性骨軟部組織腫瘍におけるＳＹＴ－ＳＳＸ遺伝子検査） | E75: 2100 | F75: - | G75: 0 | H75: 0 | I75: 0 | J75: 0 | K75: - | L75: 0 | M75: 0 | N75: 0 | O75: - | P75: - | Q75: 0 | R75: -
C76: 160221810 | D76: 悪性腫瘍組織検査（処理が容易なもの）（その他のもの）（消化管間葉系腫瘍におけるｃ－ｋｉｔ遺伝子検査） | E76: 2100 | F76: 109 | G76: 15 | H76: - | I76: - | J76: - | K76: - | L76: - | M76: - | N76: - | O76: - | P76: 12 | Q76: - | R76: -
C77: 160221910 | D77: 悪性腫瘍組織検査（処理が容易なもの）（その他のもの）（悪性黒色腫におけるセンチネルリンパ節生検に係る遺伝子検査） | E77: 2100 | F77: - | G77: 0 | H77: 0 | I77: - | J77: - | K77: 0 | L77: 0 | M77: 0 | N77: 0 | O77: 0 | P77: 0 | Q77: - | R77: -
C78: 160222010 | D78: 悪性腫瘍組織検査（処理が容易なもの）（その他のもの）（大腸癌におけるＥＧＦＲ遺伝子検査） | E78: 2100 | F78: 122 | G78: 14 | H78: 10 | I78: 14 | J78: 13 | K78: - | L78: - | M78: 12 | N78: - | O78: - | P78: - | Q78: - | R78: 11
C79: 160222110 | D79: 悪性腫瘍組織検査（処理が容易なもの）（その他のもの）（大腸癌におけるＫＲＡＳ遺伝子検査） | E79: 2100 | F79: 767 | G79: 58 | H79: 69 | I79: 75 | J79: 67 | K79: 67 | L79: 50 | M79: 81 | N79: 55 | O79: 64 | P79: 50 | Q79: 77 | R79: 54
C80: 160222210 | D80: 悪性腫瘍組織検査（処理が容易なもの）（その他のもの）（リンチ症候群におけるマイクロサテライト不安定性検査） | E80: 2100 | F80: 1099 | G80: 100 | H80: 97 | I80: 105 | J80: 111 | K80: 105 | L80: 102 | M80: 106 | N80: 75 | O80: 68 | P80: 82 | Q80: 63 | R80: 85
C81: 160222310 | D81: 悪性腫瘍組織検査（処理が複雑なもの）（肺癌におけるＢＲＡＦ遺伝子検査（次世代シーケンシング）） | E81: 5000 | F81: 3926 | G81: 246 | H81: 262 | I81: 287 | J81: 371 | K81: 326 | L81: 329 | M81: 360 | N81: 359 | O81: 355 | P81: 345 | Q81: 320 | R81: 366
C82: 160222410 | D82: 悪性腫瘍組織検査（処理が複雑なもの）（悪性黒色腫におけるＢＲＡＦ遺伝子検査（リアルタイムＰＣＲ法）） | E82: 5000 | F82: 358 | G82: 31 | H82: 39 | I82: 34 | J82: 41 | K82: 28 | L82: 29 | M82: 35 | N82: 28 | O82: 26 | P82: 28 | Q82: 16 | R82: 23
C83: 160222510 | D83: 悪性腫瘍組織検査（処理が複雑なもの）（固形癌におけるＮＴＲＫ融合遺伝子検査） | E83: 5000 | F83: 12 | G83: - | H83: - | I83: 0 | J83: - | K83: - | L83: - | M83: - | N83: 0 | O83: - | P83: - | Q83: 0 | R83: 0
C84: 160223650 | D84: 悪性腫瘍組織検査（処理が複雑なもの）（肺癌におけるＭＥＴｅｘ１４遺伝子検査（次世代シーケンシング）） | E84: 5000 | F84: 1966 | G84: 109 | H84: 102 | I84: 116 | J84: 166 | K84: 158 | L84: 166 | M84: 191 | N84: 197 | O84: 201 | P84: 182 | Q84: 173 | R84: 205
C85: 160225050 | D85: 悪性腫瘍組織検査（処理容易）（医薬品適応判定補助等）リンチ症候群のマイクロサテライト不安定性検査（体外診断用医薬品を用いる場合） | E85: 2500 | F85: 1588 | G85: 121 | H85: 151 | I85: 132 | J85: 138 | K85: 137 | L85: 151 | M85: 154 | N85: 121 | O85: 122 | P85: 128 | Q85: 118 | R85: 115
C86: 160226950 | D86: 悪性腫瘍組織検査（処理が複雑なもの）（胆道癌におけるＦＧＦＲ２融合遺伝子検査） | E86: 5000 | F86: - | G86: 0 | H86: 0 | I86: 0 | J86: 0 | K86: 0 | L86: - | M86: 0 | N86: 0 | O86: - | P86: - | Q86: - | R86: -
C87: 160228450 | D87: 悪性腫瘍組織検査（処理が容易なもの）（医薬品の適応判定の補助等に用いるもの）（固形癌におけるマイクロサテライト不安定性検査） | E87: 2500 | F87: 14761 | G87: 1247 | H87: 1297 | I87: 1212 | J87: 1335 | K87: 1213 | L87: 1173 | M87: 1321 | N87: 1233 | O87: 1212 | P87: 1148 | Q87: 1165 | R87: 1205
C88: 160228550 | D88: 悪性腫瘍組織検査（処理が容易なもの）（医薬品の適応判定の補助等に用いるもの）（濾胞性リンパ腫におけるＥＺＨ２遺伝子検査） | E88: 2500 | F88: 179 | G88: 12 | H88: 11 | I88: 11 | J88: 29 | K88: - | L88: - | M88: 19 | N88: 13 | O88: 16 | P88: 22 | Q88: 13 | R88: 15
C89: 160229350 | D89: 悪性腫瘍組織検査（処理が複雑なもの）（肺癌におけるＲＥＴ融合遺伝子検査） | E89: 5000 | F89: 3806 | G89: 236 | H89: 256 | I89: 271 | J89: 364 | K89: 317 | L89: 324 | M89: 348 | N89: 346 | O89: 347 | P89: 332 | Q89: 307 | R89: 358
C90: 160230150 | D90: 悪性腫瘍組織検査（処理が容易）（医薬品の適応判定の補助等）（肺癌におけるＢＲＡＦ遺伝子検査（次世代シーケンシングを除く。）） | E90: 2500 | F90: 127 | G90: 13 | H90: 10 | I90: 11 | J90: 20 | K90: 13 | L90: 13 | M90: - | N90: 11 | O90: - | P90: 11 | Q90: - | R90: -
C91: 160230250 | D91: 悪性腫瘍組織検査（処理が容易）（医薬品適応判定の補助等）（肺癌におけるＭＥＴｅｘ１４遺伝子検査（次世代シーケンシングを除く。）） | E91: 2500 | F91: 149 | G91: 13 | H91: 13 | I91: 11 | J91: 25 | K91: 17 | L91: 16 | M91: 11 | N91: 10 | O91: - | P91: 14 | Q91: - | R91: -
C92: 160230610 | D92: 悪性腫瘍組織検査（処理が複雑なもの）（腫瘍遺伝子変異量検査） | E92: 5000 | F92: - | G92: - | H92: - | I92: - | J92: - | K92: - | L92: - | M92: - | N92: - | O92: - | P92: - | Q92: - | R92: -
C93: 160233850 | D93: 悪性腫瘍組織検査（処理が複雑なもの）（甲状腺癌におけるＲＥＴ融合遺伝子検査） | E93: 5000 | F93: 175 | G93: - | H93: - | I93: 12 | J93: 23 | K93: 21 | L93: 18 | M93: 16 | N93: 15 | O93: 13 | P93: 16 | Q93: 15 | R93: 14
C94: 160233950 | D94: 悪性腫瘍組織検査（処理が複雑なもの）（甲状腺髄様癌におけるＲＥＴ遺伝子変異検査） | E94: 5000 | F94: 27 | G94: 0 | H94: - | I94: - | J94: - | K94: - | L94: - | M94: - | N94: - | O94: - | P94: - | Q94: - | R94: -
C95: 160234350 | D95: 悪性腫瘍組織検査（処理が容易なもの）（医薬品の適応判定の補助等に用いるもの）（肺癌におけるＫＲＡＳ遺伝子変異（Ｇ１２Ｃ）検査） | E95: 2500 | F95: 308 | G95: 32 | H95: 18 | I95: 25 | J95: 24 | K95: 18 | L95: 22 | M95: 39 | N95: 22 | O95: 29 | P95: 31 | Q95: 28 | R95: 20
C96: 160235550 | D96: 悪性腫瘍組織検査（処理が複雑なもの）（悪性黒色腫におけるＢＲＡＦ遺伝子検査（ＰＣＲ－ｒＳＳＯ法）） | E96: 5000 | F96: 41 | G96: - | H96: - | I96: - | J96: - | K96: - | L96: - | M96: - | N96: - | O96: - | P96: - | Q96: - | R96: -
C97: 160236550 | D97: 悪性腫瘍組織検査（処理が複雑なもの）（肺癌におけるＨＥＲ２遺伝子検査（次世代シーケンシング）） | E97: 5000 | F97: 2334 | G97: 144 | H97: 165 | I97: 162 | J97: 206 | K97: 209 | L97: 190 | M97: 225 | N97: 208 | O97: 214 | P97: 200 | Q97: 189 | R97: 222
C98: 160236950 | D98: 悪性腫瘍組織検査（処理が複雑なもの）（固形腫瘍（肺癌及び大腸癌を除く。）におけるＢＲＡＦ遺伝子検査（ＰＣＲ－ｒＳＳＯ法）） | E98: 5000 | F98: 195 | G98: 11 | H98: 22 | I98: 16 | J98: 26 | K98: 15 | L98: 19 | M98: 20 | N98: - | O98: 22 | P98: 14 | Q98: 12 | R98: -
C99: 160237050 | D99: 悪性腫瘍組織検査（処理が複雑なもの）（悪性リンパ腫におけるＢＲＡＦ遺伝子検査（ＰＣＲ－ｒＳＳＯ法）） | E99: 5000 | F99: 46 | G99: - | H99: - | I99: - | J99: - | K99: - | L99: - | M99: - | N99: - | O99: - | P99: - | Q99: - | R99: -
C100: 160241150 | D100: 悪性腫瘍組織検査（処理が複雑なもの）（固形癌におけるＲＥＴ融合遺伝子検査） | E100: 5000 | F100: 33 | G100: 0 | H100: 0 | I100: - | J100: - | K100: - | L100: - | M100: - | N100: - | O100: - | P100: - | Q100: - | R100: -
C101: 160241250 | D101: 悪性腫瘍組織検査（処理が複雑なもの）（甲状腺癌におけるＢＲＡＦ遺伝子検査） | E101: 5000 | F101: 104 | G101: 0 | H101: 0 | I101: - | J101: 12 | K101: - | L101: 10 | M101: 18 | N101: 10 | O101: - | P101: 12 | Q101: 10 | R101: -
C102: 160241550 | D102: 悪性腫瘍組織検査（処理が複雑なもの）（乳癌におけるＰＴＥＮ遺伝子変異検査） | E102: 5000 | F102: - | G102: - | H102: - | I102: - | J102: - | K102: - | L102: - | M102: - | N102: - | O102: - | P102: - | Q102: - | R102: -
...

Sheet 入院（加算）
A1: 診療年月：2024年04月～2025年03月 D 検査 入院（加算） ※集計結果が10未満の場合は「‐」で表示（10未満の箇所が1箇所の場合は10以上の最小値を全て「‐」で表示）※集計対象期間内に名称や点数・金額等に変更がある場合、変更後の情報で表示
A3: 加算 | D3: 診療行為 コード | E3: 診療行為 | F3: 点数 | G3: % (加減算) | H3: 総計 (算定回数) | I3: 4月 | J3: 5月 | K3: 6月 | L3: 7月 | M3: 8月 | N3: 9月 | O3: 10月 | P3: 11月 | Q3: 12月 | R3: 1月 | S3: 2月 | T3: 3月
A5: 通則加算・注加算 | D5: 160000190 | E5: 検査逓減 | G5: -10 | H5: 4997018 | I5: 417706 | J5: 427856 | K5: 410168 | L5: 433327 | M5: 410862 | N5: 385095 | O5: 430887 | P5: 415617 | Q5: 434949 | R5: 426639 | S5: 386412 | T5: 417500
D6: 160000210 | E6: 時間外緊急院内検査加算 | F6: 200 | H6: 1901860 | I6: 138943 | J6: 155062 | K6: 149102 | L6: 163428 | M6: 165106 | N6: 155351 | O6: 147360 | P6: 152459 | Q6: 184658 | R6: 188236 | S6: 145956 | T6: 156199
D7: 160005170 | E7: 染色標本加算 | F7: 9 | H7: 1268848 | I7: 103704 | J7: 103951 | K7: 100221 | L7: 113205 | M7: 109024 | N7: 101486 | O7: 107610 | P7: 102442 | Q7: 112629 | R7: 111428 | S7: 98493 | T7: 104655
D8: 160008470 | E8: 特殊染色加算（末梢血液像（鏡検法）・オキシダーゼ染色） | F8: 37 | H8: 370 | I8: 38 | J8: 45 | K8: 40 | L8: 40 | M8: 24 | N8: 32 | O8: 28 | P8: 26 | Q8: 25 | R8: 22 | S8: 23 | T8: 27
D9: 160008570 | E9: 特殊染色加算（末梢血液像（鏡検法）・ペルオキシダーゼ染色） | F9: 37 | H9: 1501 | I9: 139 | J9: 148 | K9: 101 | L9: 123 | M9: 142 | N9: 124 | O9: 144 | P9: 131 | Q9: 129 | R9: 110 | S9: 111 | T9: 99
D10: 160008670 | E10: 特殊染色加算（末梢血液像（鏡検法）・アルカリホスファターゼ染色） | F10: 37 | H10: 1149 | I10: 109 | J10: 98 | K10: 112 | L10: 112 | M10: 129 | N10: 77 | O10: 97 | P10: 86 | Q10: 93 | R10: 84 | S10: 70 | T10: 82
D11: 160008770 | E11: 特殊染色加算（末梢血液像（鏡検法）・パス染色） | F11: 37 | H11: 130 | I11: 10 | J11: 10 | K11: - | L11: 13 | M11: 17 | N11: 11 | O11: - | P11: - | Q11: 11 | R11: 11 | S11: - | T11: 11
D12: 160008870 | E12: 特殊染色加算（末梢血液像（鏡検法）・鉄染色） | F12: 37 | H12: 254 | I12: 14 | J12: 23 | K12: 27 | L12: 23 | M12: 31 | N12: 13 | O12: 29 | P12: 20 | Q12: 23 | R12: 24 | S12: 13 | T12: 14
D13: 160008970 | E13: 特殊染色加算（末梢血液像（鏡検法）・超生体染色） | F13: 37 | H13: - | I13: - | J13: - | K13: - | L13: - | M13: - | N13: - | O13: - | P13: - | Q13: - | R13: - | S13: - | T13: -
D14: 160009170 | E14: 特殊染色加算（末梢血液像（鏡検法）・脂肪染色） | F14: 37 | H14: 10 | I14: 0 | J14: - | K14: - | L14: 0 | M14: - | N14: 0 | O14: 0 | P14: - | Q14: - | R14: - | S14: - | T14: 0
D15: 160009270 | E15: 特殊染色加算（末梢血液像（鏡検法）・エステラーゼ染色） | F15: 37 | H15: 5378 | I15: 511 | J15: 614 | K15: 620 | L15: 581 | M15: 672 | N15: 613 | O15: 548 | P15: 502 | Q15: 600 | R15: 82 | S15: 21 | T15: 14
D16: 160010570 | E16: 特殊染色加算（骨髄像・オキシダーゼ染色） | F16: 60 | H16: 1023 | I16: 111 | J16: 90 | K16: 78 | L16: 81 | M16: 73 | N16: 82 | O16: 88 | P16: 83 | Q16: 76 | R16: 86 | S16: 82 | T16: 93
D17: 160010670 | E17: 特殊染色加算（骨髄像・ペルオキシダーゼ染色） | F17: 60 | H17: 32383 | I17: 2726 | J17: 2786 | K17: 2647 | L17: 2846 | M17: 2624 | N17: 2551 | O17: 2841 | P17: 3555 | Q17: 2522 | R17: 2483 | S17: 2328 | T17: 2474
D18: 160010770 | E18: 特殊染色加算（骨髄像・アルカリホスファターゼ染色） | F18: 60 | H18: 531 | I18: 49 | J18: 52 | K18: 45 | L18: 44 | M18: 45 | N18: 39 | O18: 57 | P18: 41 | Q18: 35 | R18: 52 | S18: 36 | T18: 36
D19: 160010870 | E19: 特殊染色加算（骨髄像・パス染色） | F19: 60 | H19: 5140 | I19: 493 | J19: 457 | K19: 432 | L19: 480 | M19: 456 | N19: 428 | O19: 466 | P19: 407 | Q19: 372 | R19: 377 | S19: 370 | T19: 402
D20: 160010970 | E20: 特殊染色加算（骨髄像・鉄染色） | F20: 60 | H20: 12723 | I20: 970 | J20: 974 | K20: 1036 | L20: 1113 | M20: 994 | N20: 929 | O20: 1056 | P20: 1966 | Q20: 913 | R20: 964 | S20: 882 | T20: 926
D21: 160011070 | E21: 特殊染色加算（骨髄像・超生体染色） | F21: 60 | H21: 343 | I21: 36 | J21: 38 | K21: 23 | L21: 30 | M21: 20 | N21: 27 | O21: 29 | P21: 30 | Q21: 27 | R21: 31 | S21: 26 | T21: 26
D22: 160011270 | E22: 特殊染色加算（骨髄像・脂肪染色） | F22: 60 | H22: 153 | I22: 17 | J22: 15 | K22: 12 | L22: 14 | M22: - | N22: 13 | O22: - | P22: 12 | Q22: 17 | R22: 11 | S22: - | T22: 13
D23: 160011370 | E23: 特殊染色加算（骨髄像・エステラーゼ染色） | F23: 60 | H23: 7142 | I23: 647 | J23: 629 | K23: 592 | L23: 648 | M23: 649 | N23: 575 | O23: 644 | P23: 604 | Q23: 552 | R23: 527 | S23: 501 | T23: 574
D24: 160058970 | E24: 嫌気性培養加算（細菌培養同定検査） | F24: 122 | H24: 5111066 | I24: 426536 | J24: 452170 | K24: 440484 | L24: 415958 | M24: 379595 | N24: 360635 | O24: 417022 | P24: 416969 | Q24: 474386 | R24: 480789 | S24: 409034 | T24: 437488
D25: 160060870 | E25: 分染法加算（染色体検査） | F25: 397 | H25: 90460 | I25: 7806 | J25: 7946 | K25: 7584 | L25: 8322 | M25: 7651 | N25: 7227 | O25: 8081 | P25: 7453 | Q25: 7240 | R25: 7145 | S25: 6794 | T25: 7211
D26: 160062470 | E26: 負荷試験 | G26: 100 | H26: 2477 | I26: 256 | J26: 240 | K26: 217 | L26: 232 | M26: 150 | N26: 176 | O26: 222 | P26: 209 | Q26: 219 | R26: 243 | S26: 160 | T26: 153
D27: 160062570 | E27: 喘息に対する吸入誘発試験 | G27: 100 | H27: 42 | I27: - | J27: - | K27: - | L27: - | M27: 0 | N27: - | O27: - | P27: - | Q27: - | R27: - | S27: 0 | T27: -
D28: 160064770 | E28: 新生児加算（心臓カテーテル法）（右心） | F28: 10800 | H28: 11 | I28: 0 | J28: - | K28: 0 | L28: - | M28: 0 | N28: - | O28: - | P28: - | Q28: - | R28: - | S28: - | T28: -
D29: 160064970 | E29: 卵円孔加算（心臓カテーテル法） | F29: 800 | H29: 241 | I29: 13 | J29: 22 | K29: 18 | L29: 15 | M29: 29 | N29: 23 | O29: 25 | P29: 18 | Q29: 21 | R29: 19 | S29: 27 | T29: 11
D30: 160065070 | E30: 欠損孔加算（心臓カテーテル法） | F30: 800 | H30: 385 | I30: 30 | J30: 31 | K30: 27 | L30: 28 | M30: 29 | N30: 38 | O30: 39 | P30: 36 | Q30: 35 | R30: 36 | S30: 30 | T30: 26
D31: 160065170 | E31: ブロッケンブロー加算（心臓カテーテル法） | F31: 2000 | H31: 79 | I31: - | J31: - | K31: 10 | L31: - | M31: 11 | N31: - | O31: - | P31: - | Q31: - | R31: - | S31: - | T31: -
D32: 160065270 | E32: 伝導機能検査加算（心臓カテーテル法） | F32: 400 | H32: 1999 | I32: 169 | J32: 181 | K32: 180 | L32: 184 | M32: 168 | N32: 163 | O32: 170 | P32: 170 | Q32: 166 | R32: 144 | S32: 151 | T32: 153
D33: 160065370 | E33: 期外刺激法加算（心臓カテーテル法） | F33: 800 | H33: 1762 | I33: 143 | J33: 154 | K33: 162 | L33: 173 | M33: 148 | N33: 140 | O33: 158 | P33: 150 | Q33: 147 | R33: 128 | S33: 130 | T33: 129
D34: 160065470 | E34: 冠動脈造影加算（心臓カテーテル法） | F34: 1400 | H34: 303218 | I34: 26893 | J34: 26688 | K34: 25589 | L34: 26307 | M34: 23678 | N34: 22779 | O34: 26307 | P34: 25072 | Q34: 25535 | R34: 25039 | S34: 24367 | T34: 24964
D35: 160065650 | E35: ヒス束心電図加算（心臓カテーテル法） | F35: 400 | H35: 1973 | I35: 175 | J35: 184 | K35: 188 | L35: 181 | M35: 167 | N35: 156 | O35: 166 | P35: 164 | Q35: 161 | R35: 144 | S35: 145 | T35: 142
D36: 160065750 | E36: 診断ペーシング加算（心臓カテーテル法） | F36: 400 | H36: 2340 | I36: 190 | J36: 213 | K36: 208 | L36: 214 | M36: 197 | N36: 193 | O36: 200 | P36: 202 | Q36: 189 | R36: 172 | S36: 179 | T36: 183
D37: 160067570 | E37: 心拍出量測定加算（体液量等測定） | F37: 1300 | H37: 16257 | I37: 1215 | J37: 1300 | K37: 1253 | L37: 1289 | M37: 1285 | N37: 1278 | O37: 1466 | P37: 1404 | Q37: 1595 | R37: 1472 | S37: 1344 | T37: 1356
D38: 160071370 | E38: 負荷試験（運動又は薬剤の負荷） | G38: 100 | H38: 233 | I38: 30 | J38: 11 | K38: 27 | L38: 25 | M38: 25 | N38: 15 | O38: 17 | P38: 20 | Q38: 13 | R38: 23 | S38: 17 | T38: 10
D39: 160072370 | E39: パルスドプラ法加算（超音波検査） | F39: 150 | H39: 1114578 | I39: 94190 | J39: 95716 | K39: 89198 | L39: 97075 | M39: 90981 | N39: 85138 | O39: 96857 | P39: 92219 | Q39: 94309 | R39: 95938 | S39: 89587 | T39: 93370
D40: 160073170 | E40: 負荷検査加算（サーモグラフィー検査）（記録に要する費用を含む。） | F40: 100 | H40: 82 | I40: - | J40: - | K40: 11 | L40: - | M40: - | N40: - | O40: - | P40: - | Q40: - | R40: - | S40: - | T40: -
D41: 160075170 | E41: バルーン付肺動脈カテーテル挿入加算（観血的肺動脈圧測定） | F41: 1300 | H41: 7075 | I41: 583 | J41: 563 | K41: 532 | L41: 608 | M41: 539 | N41: 518 | O41: 603 | P41: 658 | Q41: 654 | R41: 640 | S41: 551 | T41: 626
D42: 160075570 | E42: 賦活検査加算（脳波検査） | F42: 250 | H42: 62276 | I42: 5127 | J42: 5490 | K42: 5207 | L42: 5503 | M42: 5033 | N42: 4784 | O42: 5601 | P42: 5267 | Q42: 5321 | R42: 5203 | S42: 4783 | T42: 4957
D43: 160083070 | E43: 負荷測定加算（精密眼圧測定） | F43: 55 | H43: 6063 | I43: 474 | J43: 555 | K43: 524 | L43: 479 | M43: 474 | N43: 440 | O43: 547 | P43: 460 | Q43: 392 | R43: 500 | S43: 542 | T43: 676
D44: 160092970 | E44: 気管支肺胞洗浄法検査同時加算（気管支ファイバースコピー） | F44: 200 | H44: 10757 | I44: 907 | J44: 931 | K44: 907 | L44: 906 | M44: 784 | N44: 787 | O44: 1017 | P44: 956 | Q44: 926 | R44: 908 | S44: 842 | T44: 886
D45: 160093970 | E45: 胆管・膵管造影法加算（検査） | F45: 600 | H45: 20203 | I45: 1705 | J45: 1714 | K45: 1646 | L45: 1830 | M45: 1792 | N45: 1643 | O45: 1731 | P45: 1753 | Q45: 1625 | R45: 1612 | S45: 1542 | T45: 1610
D46: 160095970 | E46: 乳幼児加算（血液採取） | F46: 35 | H46: 43247 | I46: 3577 | J46: 4057 | K46: 3737 | L46: 3946 | M46: 3298 | N46: 3569 | O46: 3478 | P46: 3497 | Q46: 3927 | R46: 3340 | S46: 3279 | T46: 3542
D47: 160098570 | E47: 乳幼児加算（臓器穿刺、組織採取） | F47: 2000 | H47: 74 | I47: - | J47: - | K47: - | L47: - | M47: - | N47: - | O47: - | P47: - | Q47: - | R47: - | S47: - | T47: -
D48: 160142270 | E48: 乳幼児加算（検査） | F48: 100 | H48: 15549 | I48: 1216 | J48: 1352 | K48: 1299 | L48: 1459 | M48: 1304 | N48: 1378 | O48: 1504 | P48: 1321 | Q48: 1421 | R48: 1284 | S48: 929 | T48: 1082
D49: 160148070 | E49: 粘膜点墨法加算（検査） | F49: 60 | H49: 61289 | I49: 5469 | J49: 5422 | K49: 5260 | L49: 5650 | M49: 5123 | N49: 4856 | O49: 5504 | P49: 5022 | Q49: 4764 | R49: 4790 | S49: 4572 | T49: 4857
D50: 160148670 | E50: 超音波内視鏡検査加算 | F50: 300 | H50: 28005 | I50: 2435 | J50: 2381 | K50: 2365 | L50: 2526 | M50: 2308 | N50: 2251 | O50: 2533 | P50: 2392 | Q50: 2297 | R50: 2195 | S50: 2089 | T50: 2233
D51: 160150970 | E51: 食道ヨード染色法加算 | F51: 60 | H51: 102 | I51: - | J51: 17 | K51: 11 | L51: - | M51: - | N51: - | O51: 13 | P51: - | Q51: - | R51: - | S51: - | T51: 12
D52: 160155290 | E52: 新生児加算（生体検査） | G52: 100 | H52: 972318 | I52: 84868 | J52: 87995 | K52: 77096 | L52: 85221 | M52: 83931 | N52: 81405 | O52: 85179 | P52: 82262 | Q52: 84595 | R52: 76344 | S52: 69144 | T52: 74278
D53: 160155390 | E53: 乳幼児加算（生体検査）（３歳未満） | G53: 70 | H53: 1253258 | I53: 109847 | J53: 121447 | K53: 113698 | L53: 113318 | M53: 98222 | N53: 94704 | O53: 99334 | P53: 94282 | Q53: 102484 | R53: 101287 | S53: 98184 | T53: 106451
D54: 160155470 | E54: 乳幼児加算（心臓カテーテル法）（右心）（３歳未満） | F54: 3600 | H54: 300 | I54: 21 | J54: 27 | K54: 24 | L54: 20 | M54: 19 | N54: 27 | O54: 32 | P54: 23 | Q54: 37 | R54: 30 | S54: 23 | T54: 17
D55: 160156070 | E55: パワー・ベクトル分析加算（平衡機能検査） | F55: 200 | H55: 9111 | I55: 739 | J55: 765 | K55: 751 | L55: 861 | M55: 793 | N55: 769 | O55: 883 | P55: 846 | Q55: 709 | R55: 670 | S55: 651 | T55: 674
D56: 160156170 | E56: 刺激又は負荷加算（平衡機能検査） | F56: 120 | H56: 3137 | I56: 233 | J56: 251 | K56: 263 | L56: 272 | M56: 253 | N56: 259 | O56: 334 | P56: 278 | Q56: 281 | R56: 231 | S56: 232 | T56: 250
D57: 160159270 | E57: 色素内視鏡法加算 | F57: 60 | H57: 16461 | I57: 1546 | J57: 1528 | K57: 1502 | L57: 1513 | M57: 1408 | N57: 1292 | O57: 1470 | P57: 1316 | Q57: 1244 | R57: 1215 | S57: 1217 | T57: 1210
D58: 160161170 | E58: 胆管・膵管鏡加算（検査） | F58: 2800 | H58: 1350 | I58: 113 | J58: 94 | K58: 120 | L58: 131 | M58: 124 | N58: 118 | O58: 122 | P58: 116 | Q58: 112 | R58: 112 | S58: 90 | T58: 98
D59: 160161510 | E59: 入院時初回加算（血液化学検査） | F59: 20 | H59: 8548172 | I59: 687396 | J59: 707624 | K59: 691107 | L59: 768739 | M59: 733172 | N59: 678226 | O59: 724476 | P59: 698257 | Q59: 748659 | R59: 747471 | S59: 658552 | T59: 704493
D60: 160161610 | E60: 検体検査管理加算（３） | F60: 300 | H60: 55779 | I60: 4638 | J60: 4818 | K60: 4686 | L60: 4681 | M60: 4689 | N60: 4890 | O60: 4642 | P60: 4615 | Q60: 4678 | R60: 4537 | S60: 4415 | T60: 4490
D61: 160164970 | E61: 血管内超音波検査加算（心臓カテーテル法） | F61: 400 | H61: 2010 | I61: 172 | J61: 162 | K61: 177 | L61: 194 | M61: 192 | N61: 152 | O61: 165 | P61: 172 | Q61: 150 | R61: 156 | S61: 170 | T61: 148
D62: 160170070 | E62: 濃縮前処理加算（ＨＩＶ－１核酸定量） | F62: 130 | H62: 373 | I62: 36 | J62: 32 | K62: 31 | L62: 33 | M62: 35 | N62: 30 | O62: 38 | P62: 30 | Q62: 35 | R62: 22 | S62: 27 | T62: 24
D63: 160170170 | E63: 検体検査管理加算（１） | F63: 40 | H63: 695169 | I63: 60336 | J63: 59172 | K63: 57252 | L63: 60868 | M63: 59586 | N63: 55835 | O63: 56829 | P63: 55757 | Q63: 59170 | R63: 58851 | S63: 55113 | T63: 56400
D64: 160170270 | E64: 血管内視鏡検査加算（心臓カテーテル法） | F64: 400 | H64: 588 | I64: 50 | J64: 53 | K64: 47 | L64: 54 | M64: 56 | N64: 48 | O64: 58 | P64: 39 | Q64: 49 | R64: 46 | S64: 42 | T64: 46
D65: 160174470 | E65: 施設基準不適合減算（検査）（１００分の８０） | G65: -20 | H65: 1597 | I65: 148 | J65: 130 | K65: 147 | L65: 145 | M65: 122 | N65: 134 | O65: 133 | P65: 143 | Q65: 138 | R65: 126 | S65: 124 | T65: 107
D66: 160177770 | E66: 外来迅速検体検査加算 | F66: 10 | H66: 790793 | I66: 63527 | J66: 64250 | K66: 63530 | L66: 71975 | M66: 68877 | N66: 61898 | O66: 67332 | P66: 64232 | Q66: 70362 | R66: 68872 | S66: 60935 | T66: 65003
D67: 160180670 | E67: 乳幼児加算（肺臓、肝臓、膵臓カテーテル法）（３歳未満） | F67: 3600 | H67: - | I67: - | J67: - | K67: - | L67: - | M67: - | N67: - | O67: - | P67: - | Q67: - | R67: - | S67: - | T67: -
D68: 160180770 | E68: 乳幼児加算（関節穿刺）（３歳未満） | F68: 100 | H68: 35 | I68: - | J68: - | K68: - | L68: - | M68: - | N68: 0 | O68: - | P68: - | Q68: - | R68: - | S68: - | T68: -
D69: 160182770 | E69: 検体検査管理加算（２） | F69: 100 | H69: 4703698 | I69: 386420 | J69: 380913 | K69: 381191 | L69: 409781 | M69: 403662 | N69: 381439 | O69: 388217 | P69: 383249 | Q69: 410567 | R69: 401446 | S69: 383599 | T69: 393214
D70: 160182870 | E70: 遺伝カウンセリング加算（検査） | F70: 1000 | H70: 432 | I70: 28 | J70: 29 | K70: 29 | L70: 30 | M70: 39 | N70: 58 | O70: 38 | P70: 46 | Q70: 34 | R70: 32 | S70: 29 | T70: 40
D71: 160182970 | E71: 造影剤使用加算（超音波検査） | F71: 180 | H71: 7831 | I71: 736 | J71: 683 | K71: 693 | L71: 727 | M71: 664 | N71: 613 | O71: 683 | P71: 628 | Q71: 655 | R71: 604 | S71: 558 | T71: 587
D72: 160185570 | E72: 集菌塗抹法加算 | F72: 35 | H72: 363950 | I72: 29130 | J72: 30964 | K72: 29485 | L72: 32188 | M72: 30056 | N72: 27350 | O72: 29948 | P72: 29430 | Q72: 32897 | R72: 34947 | S72: 27832 | T72: 29723
D73: 160185770 | E73: 検体検査管理加算（４） | F73: 500 | H73: 6631475 | I73: 528122 | J73: 536851 | K73: 539764 | L73: 574612 | M73: 565449 | N73: 536893 | O73: 547237 | P73: 547520 | Q73: 578678 | R73: 563692 | S73: 549750 | T73: 562907
D74: 160185890 | E74: 幼児加算（生体検査）（３歳以上６歳未満） | G74: 40 | H74: 353314 | I74: 27682 | J74: 30633 | K74: 29435 | L74: 31170 | M74: 29692 | N74: 30069 | O74: 31771 | P74: 29915 | Q74: 32034 | R74: 28366 | S74: 24906 | T74: 27641
D75: 160185970 | E75: 新生児加算（心臓カテーテル法）（左心） | F75: 12000 | H75: 22 | I75: - | J75: - | K75: - | L75: - | M75: - | N75: - | O75: - | P75: - | Q75: - | R75: - | S75: 0 | T75: 0
D76: 160186070 | E76: 乳幼児加算（心臓カテーテル法）（左心）（３歳未満） | F76: 4000 | H76: 2448 | I76: 235 | J76: 235 | K76: 206 | L76: 170 | M76: 121 | N76: 247 | O76: 231 | P76: 209 | Q76: 197 | R76: 185 | S76: 218 | T76: 194
D77: 160186170 | E77: 血管内光断層撮影加算（心臓カテーテル法） | F77: 400 | H77: 1492 | I77: 134 | J77: 110 | K77: 134 | L77: 116 | M77: 106 | N77: 106 | O77: 141 | P77: 134 | Q77: 130 | R77: 153 | S77: 105 | T77: 123
D78: 160186270 | E78: 冠動脈血流予備能測定検査加算（心臓カテーテル法） | F78: 600 | H78: 60648 | I78: 5437 | J78: 5402 | K78: 5439 | L78: 5411 | M78: 4915 | N78: 4608 | O78: 5423 | P78: 4986 | Q78: 4855 | R78: 4712 | S78: 4777 | T78: 4683
D79: 160186470 | E79: 連続呼気ガス分析加算 | F79: 520 | H79: 12107 | I79: 1060 | J79: 1100 | K79: 1081 | L79: 1048 | M79: 1003 | N79: 931 | O79: 1029 | P79: 1059 | Q79: 1052 | R79: 824 | S79: 933 | T79: 987
D80: 160186870 | E80: 大腿骨同時撮影加算（ＤＥＸＡ法） | F80: 90 | H80: 311181 | I80: 25550 | J80: 25725 | K80: 23341 | L80: 25623 | M80: 24406 | N80: 23340 | O80: 26910 | P80: 26381 | Q80: 27572 | R80: 29176 | S80: 26160 | T80: 26997
D81: 160187670 | E81: 狭帯域光強調加算（検査） | F81: 200 | H81: 207164 | I81: 17128 | J81: 17810 | K81: 17001 | L81: 18546 | M81: 17148 | N81: 16527 | O81: 18657 | P81: 17429 | Q81: 17070 | R81: 16587 | S81: 16000 | T81: 17261
D82: 160187970 | E82: 乳幼児加算（骨髄生検）（６歳未満） | F82: 100 | H82: 226 | I82: 16 | J82: 21 | K82: 21 | L82: 23 | M82: 19 | N82: 23 | O82: 21 | P82: 24 | Q82: 12 | R82: 13 | S82: 14 | T82: 19
D83: 160198170 | E83: 骨髄像診断加算 | F83: 240 | H83: 42304 | I83: 3651 | J83: 3797 | K83: 3572 | L83: 3884 | M83: 3549 | N83: 3362 | O83: 3724 | P83: 3396 | Q83: 3402 | R83: 3397 | S83: 3147 | T83: 3423
D84: 160198470 | E84: 心腔内超音波検査加算（心臓カテーテル法） | F84: 400 | H84: 78 | I84: - | J84: 10 | K84: - | L84: - | M84: - | N84: - | O84: - | P84: - | Q84: - | R84: - | S84: - | T84: -
D85: 160199410 | E85: 広角眼底撮影加算 | F85: 100 | H85: 2606 | I85: 214 | J85: 235 | K85: 226 | L85: 239 | M85: 218 | N85: 215 | O85: 232 | P85: 204 | Q85: 231 | R85: 194 | S85: 191 | T85: 207
D86: 160200070 | E86: ガイドシース加算 | F86: 500 | H86: 32983 | I86: 2699 | J86: 2787 | K86: 2637 | L86: 3124 | M86: 2807 | N86: 2686 | O86: 3088 | P86: 2912 | Q86: 2830 | R86: 2516 | S86: 2435 | T86: 2462
D87: 160200170 | E87: ＣＴ透視下気管支鏡検査加算 | F87: 1000 | H87: 149 | I87: 16 | J87: 14 | K87: 13 | L87: 16 | M87: - | N87: - | O87: 12 | P87: 15 | Q87: 11 | R87: 11 | S87: - | T87: 20
D88: 160203970 | E88: 休日加算（内視鏡検査） | G88: 80 | H88: 5705 | I88: 346 | J88: 596 | K88: 321 | L88: 373 | M88: 368 | N88: 488 | O88: 348 | P88: 424 | Q88: 688 | R88: 827 | S88: 473 | T88: 453
D89: 160204070 | E89: 時間外加算（内視鏡検査） | G89: 40 | H89: 2593 | I89: 237 | J89: 205 | K89: 209 | L89: 180 | M89: 224 | N89: 200 | O89: 212 | P89: 216 | Q89: 237 | R89: 205 | S89: 215 | T89: 253
D90: 160204170 | E90: 深夜加算（内視鏡検査） | G90: 80 | H90: 4330 | I90: 349 | J90: 391 | K90: 351 | L90: 357 | M90: 357 | N90: 307 | O90: 331 | P90: 356 | Q90: 380 | R90: 418 | S90: 343 | T90: 390
D91: 160204270 | E91: 時間外特例医療機関加算（内視鏡検査） | G91: 40 | H91: 5090 | I91: 447 | J91: 427 | K91: 453 | L91: 384 | M91: 480 | N91: 394 | O91: 412 | P91: 379 | Q91: 425 | R91: 412 | S91: 437 | T91: 440
D92: 160206870 | E92: 国際標準検査管理加算 | F92: 40 | H92: 3055431 | I92: 243535 | J92: 244750 | K92: 248005 | L92: 262294 | M92: 259602 | N92: 247315 | O92: 253843 | P92: 253760 | Q92: 264082 | R92: 259655 | S92: 256272 | T92: 262318
D93: 160206970 | E93: 免疫電気泳動法診断加算 | F93: 50 | H93: 7631 | I93: 672 | J93: 649 | K93: 591 | L93: 682 | M93: 617 | N93: 563 | O93: 677 | P93: 594 | Q93: 604 | R93: 662 | S93: 658 | T93: 662
D94: 160207270 | E94: 微小栓子シグナル加算（ドプラ法）（脳動脈血流速度連続測定） | F94: 150 | H94: 373 | I94: 31 | J94: 30 | K94: 22 | L94: 43 | M94: 42 | N94: 18 | O94: 39 | P94: 40 | Q94: 39 | R94: 23 | S94: 19 | T94: 27
D95: 160212670 | E95: 質量分析装置加算（細菌培養同定検査） | F95: 40 | H95: 774625 | I95: 59655 | J95: 63176 | K95: 61437 | L95: 64610 | M95: 62950 | N95: 60115 | O95: 66628 | P95: 63888 | Q95: 69687 | R95: 72737 | S95: 62698 | T95: 67044
D96: 160212870 | E96: 迅速微生物核酸同定・定量検査加算 | F96: 100 | H96: 8098 | I96: 343 | J96: 371 | K96: 454 | L96: 527 | M96: 603 | N96: 710 | O96: 967 | P96: 1080 | Q96: 1094 | R96: 817 | S96: 576 | T96: 556
D97: 160212970 | E97: 冠攣縮誘発薬物負荷試験加算（心臓カテーテル法） | F97: 800 | H97: 14700 | I97: 1168 | J97: 1255 | K97: 1264 | L97: 1327 | M97: 1176 | N97: 1215 | O97: 1348 | P97: 1266 | Q97: 1272 | R97: 1111 | S97: 1159 | T97: 1139
D98: 160213170 | E98: 胎児心エコー法診断加算（超音波検査）（心臓超音波検査）（胎児心エコー法） | F98: 1000 | H98: 910 | I98: 88 | J98: 64 | K98: 88 | L98: 73 | M98: 64 | N98: 87 | O98: 81 | P98: 69 | Q98: 84 | R98: 87 | S98: 52 | T98: 73
D99: 160218270 | E99: 遺伝性腫瘍カウンセリング加算 | F99: 1000 | H99: 437 | I99: 29 | J99: 36 | K99: 32 | L99: 28 | M99: 43 | N99: 30 | O99: 42 | P99: 30 | Q99: 37 | R99: 44 | S99: 41 | T99: 45
D100: 160219070 | E100: 小児矯正視力検査加算 | F100: 35 | H100: 189 | I100: 16 | J100: 14 | K100: 18 | L100: 13 | M100: 15 | N100: 15 | O100: 20 | P100: 16 | Q100: 16 | R100: 13 | S100: 16 | T100: 17
D101: 160219570 | E101: 顕微内視鏡加算 | F101: 1500 | H101: 193 | I101: 18 | J101: 25 | K101: 19 | L101: 14 | M101: 12 | N101: 17 | O101: 15 | P101: 18 | Q101: 20 | R101: - | S101: 19 | T101: -
D102: 160219870 | E102: 乳幼児加算（胸水・腹水採取） | F102: 60 | H102: 799 | I102: 86 | J102: 54 | K102: 65 | L102: 82 | M102: 78 | N102: 80 | O102: 77 | P102: 58 | Q102: 78 | R102: 59 | S102: 40 | T102: 42
...
